EQ102C;AMB1/2CVNR12220V;0.41;0.31;0.48;2.8; 
EQ103;E-8 MANUAL;0.35;0.37;0.75;2.7; 
EQ108C;DS983CNR12V220V;0.6;0.49;0.94;6.5; 
EQ110C;DS983CVNR12220V;0.6;0.49;0.94;6.5; 
EQ111C;SFO169NR12220V;0.9;0.62;0.67;6.4; 
EQ120C;BC22NR12220V;0.49;0.36;0.76;4; 
EQ125C;M61NR12220V;0.89;0.55;1.08;12.5; 
EQ127C;BC32SNR12220V;0.54;0.4;0.83;5.3; 
EQ133C;M61NR12110V;0.89;0.55;1.08;12.5; 
EQ140C;SFO282220V;2.1;1.1;1.23;4.4; 
EQ141C;SFO282220V;2.1;1.1;1.23;4.4; 
EQ160;E-8 P/INOX;0.35;0.37;0.75;2.7; 
EQ495C;BC10NR12220V;0.41;0.29;0.63;3; 
EQ496C;BC50BIVOLT;0.29;0.26;0.42;1.4; 
EQ497C;CAF/8 BIV;0.37;0.29;6.15;2.2; 
EQ016;SSG50;0.23;0.74;0.53;25.88; 
EQ018;SCG90;0.25;1.13;0.5;36.87; 
EQ020;SSE50220V;0.21;0.55;0.5;21.58; 
EQ020E;SSGP40;0.21;0.65;0.47;15.4; 
EQ021E;SCGP60;0.21;0.86;0.44;20.4; 
EQ022;CG50;0.23;0.74;0.53;21.8; 
EQ023;CGP40;0.21;0.65;0.47;12.25; 
EQ024;CG70;0.23;0.94;0.53;26.8; 
EQ025;CGP80;0.19;1.06;0.46;21.93; 
EQ025E;SCE90 220V;0.23;0.94;0.53;36.8; 
EQ026;CG90;0.25;1.13;0.5;31.8; 
EQ027E;SCGP80;0.19;1.06;0.46;25.85; 
EQ028;CG110;0.28;1.44;0.5;36.8; 
EQ030;CG130;0.21;0.55;0.5;41.8; 
EQ037;CGP60;0.21;0.86;0.44;16.93; 
EQ038E;CGB-80;0.25;1.1;0.64;28.48; 
EQ039E;CGB-100;0.25;1.32;0.64;34.48; 
EQ040E;CEP-60;0.21;0.65;0.47;18; 
EQ043;CE50220V;0.21;0.55;0.5;17.5; 
EQ044;CE90220V;0.23;0.94;0.53;32.72; 
EQ045E;CGP100;0.23;0.49;0.46;27.16; 
EQ047E;ECP6110V;0.39;0.91;0.41;13.03; 
EQ052E;EREVP6110V;0.63;0.53;0.5;13; 
EQ053E;EREVP9110V;0.84;0.53;0.5;15.84; 
EQ059E;EVCSS9110V;0.84;0.53;0.5;21.33; 
EQ060E;EVC9110V;0.84;0.53;0.5;21.33; 
EQ063E;CBR90;0.58;1.11;0.28;61.68; 
EQ225;CE110220V;0.25;1.13;0.5;39.22; 
EQ259;VCP61;0.39;0.62;0.41;11.9; 
EQ357E;EVC6110V;0.63;0.53;0.5;16.85; 
EQ402;SCG110;0.28;1.44;0.5;41.87; 
EQ410;CE70220V;0.23;0.74;0.53;26.25; 
EQ536E;CBRP70FF;0.58;0.91;0.28;48.15; 
EQ645E;CGB120;0.25;1.65;0.64;40.87; 
IC002G;GBUP075T;1.27;0.84;0.8;95; 
IC039G;GBSP140;1.27;1.5;0.8;135; 
IC040G;GEPV075 ;1.86;0.54;0.6;98; 
IC051G;MPNV140CZ;1.19;1.83;0.81;126; 
IC052G;MPNV175;1.19;0.92;0.78;145; 
IC053G;MPXV080;1.19;0.92;0.78;99; 
IC254G;GSTO130;2.11;1.4;1.1;238; 
IC255G;GSTO130;2.17;2.62;1.1;238; 
IC256G;GSHF240;2.11;1.4;1.1;452; 
IC257G;GSTO240;2.07;0.75;0.86;411; 
IC985G;GCPCD210 ;1.56;2.25;1.06;255; 
IC987G;GCPCD310 ;1.56;3.25;1.06;360; 
LB020G;GTPC575;1.19;1.5;0.81;104; 
LB021G;GTPC575;2.07;0.75;0.86;104; 
LB037 G;GRBA120PR;0.88;0.54;0.7;51; 
LB041 G;GRBA330;1.69;0.73;0.73;86; 
LB044G;GRBA120PVP;1.89;0.54;0.64;51; 
LB045G;GRBA330B;2.04;0.71;0.74;86; 
LB046G;GRBA230;1.89;0.54;0.64;77; 
LB143G;GRBA120B;0.88;0.54;0.7;44; 
LB144G;GRBA450B;2.06;2.49;0.97;104; 
LB213G;GRBA120;0.88;0.54;0.7;44; 
LB214G;GRBA120;0.88;0.54;0.7;44; 
LB215G;GPTU230;0.88;0.54;0.7;73; 
LB216G;GPTU230;1.86;0.54;0.6;73; 
LB217G;GRBA230PVA;1.69;0.73;0.73;79; 
LB218G;GRBA230;1.89;0.54;0.64;77; 
EQ040S;BMSN-NR12110V;0.54;0.25;0.23;4.9; 
EQ041S;BMSN-NR12220V;0.54;0.25;0.23;4.9; 
EQ042S;BMS3NR12220V;0.57;0.53;0.34;13.6; 
EQ092S;ESBSUPER220V;0.42;0.44;0.32;11.4; 
EQ245S;LT1.5N220VNR12220V;0.26;0.22;0.36;2.5; 
EQ247S;LI1.5N110V;0.26;0.36;0.22;2.6; 
EQ248S;LI1.5N220V;0.26;0.36;0.22;2.6; 
EQ260S;EXB-N110V;0.42;0.44;0.32;6.5; 
EQ261S;LS04MB-N220V;0.43;0.53;0.3;11; 
EQ262S;LS04MB-N110V;0.43;0.3;0.53;10.6; 
EQ264S;EXB-N220V;0.42;0.44;0.32;6.5; 
EQ265S;TA02-N900W 110V;0.31;0.37;0.23;3.2; 
EQ267S;FSC-N220V;1.05;0.53;0.55;18; 
EQ268S;LS06MB-N110V;0.47;0.53;0.3;11.3; 
EQ269S;LS08MB-N110V;0.52;0.54;0.33;11.7; 
EQ273S;LAR25LMB-N 110V;1.19;0.42;0.56;24; 
EQ274S;LAR15LMB-N 110V;1.08;0.38;0.56;23; 
EQ278;TA02-N900W 220V;0.31;0.37;0.23;3.2; 
EQ278S;LS06MB-N220V;0.47;0.53;0.3;11.3; 
EQ281S;LB15PMB-N 110V;1.08;0.38;0.56;23; 
EQ284S;LB15PMB-N 220V;1.08;0.38;0.56;23; 
EQ285S;FC-N220V;1.05;0.53;0.55;18; 
EQ290S;LS10MB-NINM110V;0.55;0.55;0.35;12; 
EQ291S;LS10MB-NINM220V;0.55;0.55;0.35;12; 
EQ296S;LTS1.5N 110V NR12;0.29;0.23;0.35;3.9; 
EQ297S;LTS1.5N 220V NR12;0.29;0.23;0.35;3.9; 
EQ298S;LVS1.5N 110V NR12;0.29;0.23;0.35;5.1; 
EQ323S;ESBSUPER110V;0.42;0.44;0.32;11.4; 
EQ372S;DB06-N 110V;0.63;0.41;0.41;22.5; 
EQ373S;DB06-N 220V;0.63;0.41;0.41;22.5; 
EQ379S;LS03MB-N220V;0.29;0.23;0.35;4.1; 
EQ380S;LS03MB-N110V;0.29;0.23;0.35;4.1; 
EQ399S;LS08MB-N220V;0.52;0.54;0.33;11.7; 
EQ400S;FC350-N 220V;0.72;0.85;0.79;64; 
EQ414S;DB10-N 220V;0.78;0.53;0.64;27; 
EQ415S;DB-25HD-N 220V;1.21;0.79;0.96;92; 
EQ416S;CC-25HD;0.47;0.51;0.55;13.65; 
EQ442S;PA-7 NR12 220V;0.57;0.4;0.57;25.6; 
EQ443S;PA-7 NR12 110V;0.57;0.4;0.57;25.6; 
EQ525S;LT1.5N110VNR12;0.26;0.22;0.36;2.5; 
EQ660S;CFI300LNR12110V;0.49;0.67;0.68;31.5; 
EQ661S;CFI300LNR12220V;0.49;0.67;0.68;31.5; 
EQ711S;TA04MB-N110V;0.47;0.53;0.31;6.4; 
EQ712S;LT20SUPER-N110V;0.37;0.32;0.46;5.75; 
EQ713S;LT2.0SUPER-N220V;0.37;0.32;0.46;5.75; 
EQ714S;TA04MB-N220V;0.47;0.53;0.31;6.4; 
EQ738S;ABS220V;0.49;0.31;0.53;27; 
EQ970S;LB25PMB-N220V;1.19;0.42;0.56;24; 
EQ971S;PS-10220V;0.48;0.42;0.73;40; 
EQ972S;CR-4LN220V;0.52;0.33;0.38;20.5; 
EQ973S;LIS 1.5N220V;0.29;0.23;0.35;4.1; 
EQ974S;BPS-05N220V;0.47;0.29;0.44;12.8; 
EQ975S;LB25MB 220V;1.19;0.42;0.56;24; 
EQ976S;LIS 1.5N110V;0.29;0.23;0.35;4.1; 
EQ977S;PS-22220V;0.48;0.42;0.81;50; 
EQ978S;PS-22110V;0.48;0.42;0.81;50; 
EQ979S;LB25MB 110V;1.19;0.42;0.56;24; 
BB014G;RA100;1.17;0.75;0.67;63; 
EP004G;FTG300GAS;1.88;1.11;1.39;310; 
EP008G;FTG240GAS;1.88;1.11;1.39;300; 
EP010G;AM05;0.73;0.53;0.67;52; 
EP012G;FTE150E;0.88;1.11;1.41;195; 
EP027G;CZ15;1.24;0.7;0.68;75; 
EP028G;CZ37;1.53;0.74;0.94;155; 
EP029G;CZ22;1.53;0.74;0.94;122; 
EP031G;AM15;0.93;0.61;0.7;50; 
EP045G;MFP80;1.04;0.33;0.44;28; 
EP047G;CSP600;1.83;1.2;1;465; 
EP052G;CC1000;2.2;1.04;1.82;350; 
EP070G;AE60L;1.5;0.72;1.31;313; 
EP071G;AE80L;1.68;0.89;1.4;583; 
EP102;DV30/1;0.59;0.69;0.93;90; 
EP102G;AM25;0.93;0.61;0.7;55; 
EP106G;BP38C;1.19;0.96;0.8;208; 
EP107G;AR25;0.8;0.7;1;150; 
EP108G;CS500;1.83;0.83;1;210; 
EP109G;ARC25;0.8;0.7;1;143; 
EP110G;AE25L;1.25;0.59;1.08;190; 
EP111G;MPS500;1.17;0.9;0.9;140; 
EP112G;AE40L;1.42;0.72;1.31;300; 
EP114G;AE15L;1.15;0.59;1.08;152; 
EP118G;FP12S;1.52;0.65;0.87;102; 
EP121G;BP18C;0.84;0.52;0.96;109; 
EP124G;MPS350;1.17;0.75;0.9;120; 
EP125G;MPS250;0.58;0.68;0.9;80; 
EP127G;AR15;0.84;0.64;0.86;80; 
EP128G;AE10L;0.82;0.51;0.97;75; 
EP130G;AE15L;1.15;0.59;1.08;155; 
EP131G;MPS350;1.17;0.75;0.9;120; 
EP132G;CS500;1.83;0.83;1;210; 
EP134G;AME05/15;0.73;0.53;0.67;61; 
EP135G;BP18CSS;0.84;0.52;0.96;109; 
EP136G;BP5RP;0.66;0.28;0.52;37; 
EP138G;AE05L;0.69;0.42;0.82;68; 
EP139G;MFP80;1.04;0.33;0.44;28; 
EP145G;BP5RP;0.66;0.28;0.52;37; 
EP146G;CS500;1.83;0.83;1;210; 
EP147G;FP12S;1.52;0.65;0.87;102; 
EP148G;BP12RP;0.82;0.39;0.72;50; 
EP161G;AE05L;0.69;0.42;0.82;68; 
EP162G;DC04;0.53;0.42;0.81;33; 
EP163G;AM25;0.93;0.61;0.7;55; 
EP233G;CS450;1.74;0.74;1.04;134; 
EP234G;CL390;0.68;0.63;0.89;70; 
EP235G;CL390;0.68;0.63;0.89;70; 
EP236G;CL390;0.68;0.63;0.89;70; 
EP237G;CS390;0.73;0.68;0.75;68; 
EQ424;RQ15;0.51;0.34;0.61;26; 
EQ425;RQ15;0.51;0.34;0.61;26; 
EQ469B;BK300I1 INOX;0.18;0.49;0.87;20; 
EP057I;5249;2;0.77;0.45;12; 
EP064I;2847;0.2;1.9;0.7;30; 
EP066I;2848;0.2;1.2;0.7;22; 
EP067I;2849;0.2;1.5;0.7;28; 
EP068I;2850;0.2;1.9;0.7;28; 
EP082I;3595;0.2;1.9;0.9;29; 
EP086I;3805;0.2;1.6;0.6;29; 
EP099I;2854;0.2;1.9;0.9;36; 
EP181I;1;2;0.75;0.65;75; 
EP190I;5394;2.3;1.5;0.85;29; 
EP196I;1058;1.8;1.1;0.5;33; 
EP198I;1049;1.8;1.1;0.5;33; 
EP200I;1052;1.8;0.9;0.5;25; 
EP250I;4913;0.4;1.5;0.7;30; 
EP251I;4914;0.4;1.8;0.7;30; 
EP256I;4915;0.4;1.8;0.7;35; 
BB001L;BEB STILO 110V;0.52;0.31;0.44;9.2; 
BB002L;BEB STILO 220V;0.52;0.31;0.44;9.2; 
BB004L;110V;0.52;0.31;0.44;10.8; 
BB005L;220V;0.52;0.31;0.44;10.8; 
BB006L;110V;0.37;0.38;0.4;4.9; 
BB007L;220V;0.37;0.38;0.4;4.9; 
BB031;BEB GAR TORRE;1;0.29;0.38;12.4; 
BB055;INOX 110V;1.08;0.34;0.36;14.9; 
BB105 L;BEB PRESSAO CONJ;1.08;0.7;0.33;18; 
BB106 L;BEB PRESSAO CON;1.08;0.7;0.33;18; 
BB530;BEB GAR TORRE;1;0.29;0.38;12.4; 
BB555 L;INOX 220V;1.08;0.34;0.36;14.9; 
EQ531M;FG1202 220V;0.11;0.31;0.5;2.4; 
EQ532M;FG1102 220V;0.1;0.31;0.29;2.4; 
EQ540M;GC1152 220V;0.46;0.36;0.4;7.8; 
EQ541M;DR2221 110V;0.33;0.42;0.33;3.4; 
EQ546M;MB2350;0.25;0.25;0.7;3.8; 
EQ548M;DR2251 110V;0.4;0.62;0.3;5.6; 
EQ549M;DR2222 220V;0.33;0.42;0.33;3.4; 
EQ550M;CH3135 GAS;0.69;1.48;0.32;83; 
EQ551M;GC1151 110V;0.46;0.36;0.4;7.8; 
EQ552M;DR2252 220V;0.4;0.62;0.3;5.6; 
EQ553M;DR1011 110V;0.23;0.23;0.32;1.8; 
EQ554M;MB2150;0.21;0.21;0.54;2.4; 
EQ555M;CF1201 110V;0.27;0.27;0.34;1.6; 
EQ556M;CF1691 110V;0.3;0.3;0.44;3.4; 
EQ559M;MA1251 110V;0.69;1.03;0.21;19.4; 
EQ560M;MA2502 220V;0.69;1.05;0.34;28; 
EQ561M;MA1601 110V;0.35;0.57;0.17;3.2; 
EQ562M;CF3101 110V;0.37;0.37;0.87;10; 
EQ563M;CF3102 220V;0.37;0.37;0.87;10; 
EQ564M;CF2101 110V;0.37;0.37;0.87;7; 
EQ565M;CF2102 220V;0.37;0.37;0.87;7; 
EQ566M;ES1292;0.42;0.42;0.33;3.2; 
EQ567M;ES1291;0.42;0.42;0.33;3.2; 
EQ570M;CF3601 110V;0.37;0.37;0.66;5.8; 
EQ571M;CF3602 220V;0.37;0.37;0.66;5.8; 
EQ572M;MA1252 220V;0.69;1.03;0.21;19.4; 
EQ573M;MA2501 110V;0.69;1.05;0.34;28; 
EQ574M;CF3202 220V;0.37;0.37;0.44;4.4; 
EQ575M;MA1602 220V;0.35;0.57;0.17;3.2; 
EQ576M;DR2121 110V;0.2;0.36;0.23;2.2; 
EQ577M;CF1202 220V;0.27;0.27;0.34;1.6; 
EQ578M;CF2801 110V;0.37;0.37;0.75;6.8; 
EQ579M;CF4422 220V;0.41;0.45;0.56;12.8; 
EQ201GL;GLP250BIV;0.53;0.59;0.51;27; 
EQ202GL;GLP275BIV;0.53;0.63;0.56;35; 
EQ203GL;GLP300BIV;0.56;0.66;0.6;35; 
EQ204GL;GLP330BIV;0.56;0.66;0.6;36; 
EQ340GL;TLX40TSTRIF220V;2.05;1.2;0.95;193; 
EQ341GL;BRT40TRIF220V;2.05;1.15;0.93;150; 
EQ342GL;BRT40MONO220V;2.05;1.15;0.93;150; 
EQ690GL;AXT30IBIV;0.6;0.66;0.68;43; 
BB161V;RBI10;1.61;0.58;0.8;62.9; 
BB162V;RBI10;1.61;0.58;0.8;62.9; 
BB169V;RV116;0.72;0.24;0.52;17.4; 
BB170V;RV116;0.72;0.24;0.52;17.4; 
BB171V;RV216;0.73;0.45;0.52;25.8; 
BB172V;RV216;0.73;0.45;0.52;25.8; 
EP001V;FCDT5;1.05;1.11;1.4;199; 
EP002V;FVT5D;0.94;1.07;1.33;182.6; 
EP003V;FCDET8;1.98;1.16;1.46;263; 
EP004V;FCDT10;1.97;1.11;1.46;288.6; 
EP005V;FCDEMT5 ;1.05;1.11;1.4;187; 
EP006V;FCDET5 ;1.04;1.1;1.38;187; 
EP007V;FCDET10 ;1.99;1.13;1.5;284; 
EP052V;AC40T;2.22;0.83;1.92;247; 
EP053V;AC20T;2.22;0.84;1.12;169.9; 
EP055;FCDT8;1.98;1.16;1.45;272.5; 
EP210V;VAEMS252;1.12;0.61;1;169; 
EP211V;ARSV25;0.89;0.85;0.57;106.5; 
EP212V;ASRBV05;0.78;0.71;0.7;56; 
EP213V;ASRBSV25;0.87;0.72;0.83;82.4; 
EP214V;CLPSV39;0.67;0.82;0.84;88; 
EP215V;MPSV35;1.28;0.62;0.76;101; 
EP218V;VBPS12;0.83;0.48;0.78;47; 
EP220V;MPSV50NR ;1.28;0.76;0.73;109; 
EP222V;MTV15;1.19;0.71;0.66;59; 
EP223V;VMPS80;0.86;0.45;0.51;27; 
EQ061;EMCH;0.33;0.53;0.91;56; 
EQ063;E2PD1;0.32;0.82;0.58;34; 
EQ065V;E2PD2;0.33;0.82;0.59;34; 
EQ067V;FFV20;1.85;1;0.59;112.9; 
EQ068V;E6FCD3;0.34;1.55;0.93;116; 
EQ069V;EI6F;0.32;1.16;0.93;85; 
EQ070V;MI4;0.37;1.3;1.34;101; 
EQ071V;E3PD1;0.32;1.16;0.58;45; 
EQ072;BRFP;0.7;0.78;0.86;52.6; 
EQ072V;E4D2;0.32;0.85;0.95;68; 
EQ073;FIE PT INOX;0.54;0.65;0.88;22.4; 
EQ073V;EI4;0.31;0.85;0.94;49; 
EQ074;FIM PT INOX;0.51;0.66;0.88;29.7; 
EQ074V;E3PD2;0.32;1.16;0.58;45; 
EQ075V;FIE PT VIDRO;0.54;0.65;0.88;22.4; 
EQ076V;FIM PT VIDRO;0.51;0.66;0.88;29.7; 
EQ077V;E74D2;0.34;1.15;0.93;68; 
EQ082;M6D;0.38;1.7;1.27;137; 
EQ083V;FIRDI110 INFERIOR;0.69;1.28;1.1;147.7; 
EQ084V;SGF2;1.8;1.1;0.56;98; 
EQ085;SGF3;1.8;1.1;0.58;112.6; 
EQ085V;FIRDS110 SUPERIOR;0.9;1.3;1.1;150.1; 
EQ086V;FIRDI110 INF GN;0.69;1.28;1.1;147.7; 
EQ087;M6FD;0.38;1.75;1.27;139; 
EQ087V;FIRDS110 SUP GN;0.9;1.3;1.1;150.1; 
EQ088;VAP4;0.33;0.86;0.94;48.4; 
EQ090V;F50P;0.75;0.65;0.61;22.7; 
EQ091V;C100;0.32;1.1;0.64;58.7; 
EQ093V;MI8;0.37;2.6;1.34;156; 
EQ094V;CG90;0.42;1;0.86;98; 
EQ097V;CGGT120;0.43;1.34;0.91;145; 
EQ098V;E76D3;0.33;1.25;0.98;72; 
EQ099V;FIRIV90 C/INFRA;0.7;1.17;0.76;94.3; 
EQ101V;E1PD;0.33;0.73;0.58;29; 
EQ102V;E2P;0.34;0.82;0.58;34; 
EQ103V;VAP3P;0.32;1.15;0.59;40.6; 
EQ104V;M1PD;0.35;0.75;0.9;42; 
EQ105V;M2PD2;0.35;1.2;0.76;56; 
EQ106V;MAP1P;0.35;0.9;0.77;33.7; 
EQ107V;MAP2P;0.34;1.2;0.77;56; 
EQ108V;MAP3P;0.36;1.7;0.78;77; 
EQ109V;FIRIV110 C/INFRA;0.72;1.35;1.1;156; 
EQ123;BR6B GAS;0.88;1.34;0.91;70.3; 
EQ124;SFAO4;0.56;0.42;0.54;16.9; 
EQ126;E6D3;0.32;1.15;0.95;85.8; 
EQ183V;FEI90;0.68;0.82;1.6;77; 
EQ184V;FERI90;0.69;1.08;0.82;78.9; 
EQ185V;FEI110 ;0.68;1.14;1.23;132; 
EQ187V;FERI60;0.69;0.7;0.8;61.4; 
EQ189V;FERI80 ;0.7;0.97;0.69;75; 
EQ256;E4FD2;0.32;0.86;0.93;46.6; 
EQ280;SFAO5;1;0.43;0.54;20.9; 
EQ280VN;SFAO6;1;0.43;0.54;22.6; 
EQ281V;SFAOG30 ;1.23;0.44;0.88;42; 
EQ282V;SFAO5;1;0.43;0.54;20.9; 
EQ338V;FIR110;0.68;1.27;1.1;147; 
EQ356;VAP1P;0.33;0.74;0.58;26.4; 
EQ369V;FERI110;0.7;1.27;1.14;148; 
EQ372V;FCDB12E;1.31;1.18;0.96;217.4; 
EQ373V;FCDB6G;1.01;1.18;0.92;191.6; 
EQ374V;FCDB3E;0.61;0.78;0.94;80.5; 
EQ424V;VAP6;0.33;1.15;0.93;60; 
EQ431V;BR4BF;0.88;0.91;0.9;83.9; 
EQ432V;BR4B;0.88;0.92;0.9;56.4; 
EQ483V;FDB6M;0.4;0.98;0.82;64; 
EQ484V;VAP2P;0.32;0.82;0.58;31; 
EQ547V;FA6P;0.22;0.98;0.76;64; 
EQ680V;FIR60;0.69;0.74;0.71;61; 
EQ681V;FIR90;0.69;1.08;0.77;89.6; 
EQ785V;MFG50;0.84;0.58;0.66;50.18; 
EQ786V;MFG150;1.27;1;0.74;118; 
EQ787V;MFG75;1.26;0.66;0.71;83; 
EQ821V;CFC-FCDB;0.83;1.06;0.74;48.8; 
EQ833V;CFC-DB03;1.1;0.62;0.62;54; 
EQ898V;MAP4;0.36;1.2;1.23;101; 
EQ900V;BR2B GAS;0.26;0.85;0.42;21.2; 
EQ901V;BR2BF GAS;0.26;0.85;0.42;21.2; 
IC001V;CK2AF;0.37;2.28;1.17;115; 
IC002V;CK18AF;0.37;1.97;1.09;104; 
BB006R;BAG200LINOX110X;1.48;1.45;0.86;90; 
BB008R;BAG100LINOX220V;1.48;0.85;0.86;69; 
BB009R;BAG200LINOX220V;1.48;1.45;0.86;90; 
BB127R;BAG100LINOX110V;1.48;0.85;0.86;69; 
EP082R;APC100;2.42;1.14;0.7;130; 
EP083R;APNC2000 220V;2.1;2.16;0.8;172; 
EP084R;ACPP1250;2.2;1.4;1.05;130; 
EP088R;ASTPP 2000 110V;2.37;2.16;0.75;220; 
IC076R;CSSTP100220V;1.43;1.16;1.05;116; 
IC087R;CSSTP200220V;1.43;2.16;1.05;226; 
IC097 R;CQSTP100220V;1.43;1.16;1.05;124; 
IC101R;CPSTP100220V;1.35;1.16;1.05;91; 
IC103R;CQSTP200220V;1.43;2.16;1.05;210; 
IC104R;MCI1900220VS/GANCH;2.3;1.8;1.2;270; 
IC121 R;COTE2050;0.8;2.15;1.15;132; 
IC125R;FLSE12CX;0.2;0.11;0.06;82; 
IC126R;FLCE12CX220V;0.79;2.05;1.13;100; 
IC127R;FLCE12CX110V;0.79;2.05;1.13;100; 
IC136R;GC4PCG 220V;2.1;1.38;0.81;141; 
IC147 R;CSTPI;1;1.66;1.05;163; 
IC150R;VPS200;1.34;2.16;0.81;133; 
IC152R;EAT200VCS110V;1.68;2.16;1.15;210; 
IC154R;EAT200VCS220V;1.68;2.16;1.15;210; 
IC167R;COTE1500;0.8;1.81;1.15;137; 
IC181R;VPE600220V;1.34;0.76;0.81;70; 
IC196R;VPE600110V;1.34;0.76;0.81;70; 
IC202 R;COP2050;0.8;2.15;1.15;133; 
IC208 R;FCSE135024CX;0.81;2.15;1.1;132; 
IC209 R;FC1X1;0.33;1.16;1.16;42; 
IC211 R;VPS150;1.34;1.66;0.81;114; 
IC217 R;CCSTG100220V;1.2;1.16;1.09;87; 
IC219 R;VPS120;1.34;1.36;0.81;92; 
IC220 R;VPS100;1.34;1.16;0.81;82; 
IC226 R;FCSE135032CX;0.81;2.6;1.1;180; 
IC228 R;FC2700;1.3;2.95;1.7;200; 
IC229 R;FLCE20CX;0.79;3.26;1.13;150; 
IC229R;ASSTFL300PBE110V;2.2;3.16;0.77;317; 
IC230 R;FLCE16CX;0.79;2.71;1.13;129; 
IC235R;VPCX800;1.34;0.96;0.81;71; 
IC237R;PTA600220V;2.2;0.9;0.95;133; 
IC271R;MCI4000220VC/GANCH;2.62;2.4;1.38;400; 
IC493R;BSR1500 220V;1.1;1.66;0.9;119; 
IC494R;BSR2000 220V;1.1;2.16;0.9;139; 
IC495R;GC6PP 220V;2.1;1.96;0.81;210; 
IC496R;GC4PP 110V;2.1;1.26;0.71;149; 
IC497R;GC4PP 220V;2.1;1.26;0.71;149; 
IC498R;GC2PP 220V;2.1;0.83;0.81;122; 
IC499R;GC2PP 110V;2.1;0.83;0.81;122; 
IC500R;ASTPCFL2500 220V;2.2;2.66;0.77;310; 
IC501R;GC6PP 110V;2.1;1.96;0.81;210; 
IC502R;EAEX200VCS220V;1.8;2.17;1.5;188; 
IC503R;BRCF8 220V;1.1;1.8;1;222; 
IC925R;BRLQF8220V;1.6;1.8;0.95;202; 
IC926R;BRLQF12 220V;1.6;2.45;0.95;248; 
IC928R;BRLQ8220V;1.1;1.8;0.95;130; 
IC966R;CPBR;0.92;1.16;1;136; 
IC967R;CPTBR;0.92;1.16;1;117; 
IC983R;BRCQ12220V;0.11;0.25;0.1;233; 
IC990R;BPT100;1;1.16;1.15;62; 
IC992R;VPS180;1.34;1.96;0.81;125; 
IC994R;VSSC100220V;0.95;1.16;0.75;67; 
LB005R;VCCG600S220V;2.3;0.9;0.9;139; 
LB047 R;VCCG600V110V;2.3;0.9;0.9;165; 
LB079R;VCCG600S110V;2.3;0.9;0.9;139; 
LB097R;VCCG600V220V;2.3;0.9;0.9;165; 
LB210R;VCCG1300V220V;2.3;1.6;0.95;295; 
LB213R;VCM1300220V;2.3;1.66;0.95;232; 
LB214R;VCCE3P220V;2.3;2.35;0.98;340; 
LB216R;VCM3P220V;2.3;2.35;0.98;346; 
EQ167B;BM18PFBIVNR12;0.62;0.54;0.71;53.5; 
EQ205B;BM17PFBIVNR12;0.47;0.53;0.66;35; 
EQ249B;BM19PFBIVNR12;0.49;0.58;0.68;39.6; 
EQ262B;BM31BIVNR12;0.37;0.22;0.43;10.5; 
EQ441B;BM41 110V;0.31;0.22;0.39;4; 
EQ442B;BM47 220V;0.31;0.22;0.39;4; 
EQ443B;BM32BIVNR12;0.84;0.23;0.29;11; 
EQ445B;BM40BIVNR12;1.44;0.5;0.67;34.5; 
EQ652;BM07BIVNR12;0.42;0.4;0.43;15.3; 
EQ653;BM06BIVNR12;0.42;0.4;0.43;14.8; 
EQ654B;BM10BIVNR12;0.47;0.3;0.59;17.4; 
BB157C;RACO-16110V;0.64;0.37;0.63;21; 
BB158C;RDACO-26110V;0.64;0.65;0.7;37; 
BB159C;RDACO-26220V;0.64;0.65;0.7;37; 
BB160C;RACO-26220V;0.64;0.37;0.63;21; 
EQ001C;MPED-2220V;0.18;0.49;0.95;32; 
EQ002C;MPGD;0.18;0.49;0.95;33; 
EQ003 C;FG10;0.27;0.63;1.15;48; 
EQ004C;MPGS;0.21;0.49;0.54;18; 
EQ013C;CCP1;0.36;0.37;0.77;28; 
EQ017 C;SASL GAS;0.3;0.43;0.53;14; 
EQ018 C;SACL;0.3;0.53;0.8;21; 
EQ019 C;SACE;0.3;0.53;0.8;25; 
EQ020 C;SASE1-110V;0.31;0.47;0.53;18; 
EQ021C;SASL2-220V;0.31;0.47;0.53;17; 
EQ022C;FG04;0.24;0.51;0.54;17; 
EQ046 C;FAM5-2220V;0.52;0.5;0.61;15; 
EQ048C;FH1B-2220V;0.36;0.4;0.56;7; 
EQ049 C;CRPP-1110V;0.25;0.39;0.42;11; 
EQ050C;FA28-2220V;1;0.49;0.61;21; 
EQ066C;FG08;0.27;0.63;0.97;38; 
EQ093C;CRPP-2220V;0.25;0.39;0.42;11; 
EQ094C;ELEA-B;0.39;0.26;0.37;9; 
EQ226 C;CCP2;0.36;0.61;0.78;20; 
EQ227C;CCP3;0.37;0.79;0.85;62; 
EQ249C;ELAB BIVOLT;0.31;0.22;0.37;6; 
EQ253C;FA25-2220V;1;0.49;0.61;20; 
EQ339C;MPED-1110V;0.18;0.49;0.95;32; 
EQ348C;MPES-2220V;0.18;0.49;0.95;18; 
EQ372C;TFGC GAS;0.37;0.5;0.54;8; 
EQ374C;TFSL-2 220V;0.25;0.5;0.54;7; 
EQ376C;SACE2-220V;0.31;0.53;0.89;25; 
EQ377C;SCGE-2 220V;0.31;0.67;1.1;37; 
EQ395C;CCR1;0.36;0.37;0.77;19; 
EQ396C;CCR2;0.36;0.61;0.78;42; 
EQ418 C;F1AG;0.29;0.28;0.51;5; 
EQ419 C;SSGL-2220V;0.31;0.57;0.66;26; 
EQ435C;FH1B-1110V;0.36;0.4;0.56;7; 
EQ437C;FH2B-1110V;0.36;0.51;0.62;14; 
EQ460C;SASE-2220V;0.31;0.47;0.53;18; 
EQ461C;SACL2-220V;0.31;0.53;0.89;24; 
EQ462C;SPSE2-220V;0.31;0.46;0.53;26; 
EQ471C;CE10-2T220V;0.37;0.7;1.1;71; 
EQ472C;CE10-2 220V;0.31;0.68;1.1;58; 
EQ729C;CE04-2220V;0.31;0.59;0.63;22; 
EQ730C;CE08-2220V;0.31;0.68;1;48; 
EQ090L;664 220V;0.11;0.25;0.3;3.36; 
EQ129;625 220V;0.42;0.49;0.49;13.8; 
EQ192;793 220V;0.42;0.49;0.49;15; 
EQ193L;685 GAS;0.42;0.49;0.49;12.3; 
EQ206;697 220V;0.42;0.49;0.49;13.5; 
EQ208;696 110V;0.42;0.49;0.49;13.5; 
EQ316L;648;0.11;0.5;0.33;3.43; 
EQ323L;666 220V;0.11;0.5;0.31;5.99; 
EQ332;890 110V;0.36;0.57;0.49;12.5; 
EQ342;891 220V;0.36;0.57;0.49;12.5; 
EQ363;766 110V;0.36;0.57;0.49;12.9; 
EQ364;767 220V;0.36;0.57;0.49;12.9; 
EQ365;792 110V;0.42;0.49;0.49;15; 
EQ407;624 110V;0.42;0.49;0.49;13.8; 
EQ475;628 110V;0.42;0.49;0.49;15; 
EQ476;629 220V;0.42;0.49;0.49;15; 
EQ548L;676 220V;0.11;0.5;0.31;5.1; 
EP001;PRP5000STYLE GAS;0.62;0.37;0.21;25; 
EP016P;PRMQ15 BIVOLT;1.13;0.64;0.55;37; 
EP017P;PRMQ22/1 BIVOLT;1.16;0.66;0.68;43; 
EP018P;PRMQ15/1 BIV NR;1.13;0.64;0.55;37; 
EP019P;PRMQ40/1 BIV NR;1.3;0.9;0.7;88; 
EP201;PRP8000 220V;1.95;1.15;1.5;309; 
EQ035P;PRR051 BIVOLT;0.28;0.65;0.68;50; 
EQ054 P;PRPE770 220V;1.61;0.9;0.91;50; 
EQ084;PR623N BIVOLT;1.75;1.12;0.55;94.9; 
EQ086P;PR631N BIVOLT;1.55;1.12;0.55;82.3; 
EQ220P;PR14E 220V;0.86;0.7;0.7;10; 
EQ491;PRP242G4 BIVOLT;1.75;0.74;0.91;133; 
EQ492;PR2000BPG;1.16;0.95;0.64;40; 
EQ493;PR3000BPAT 220V;1.16;0.76;0.64;30; 
EQ494P;PR3000E 220V;1.13;1.68;0.47;119; 
EQ496;PR3000BPG GAS;1.16;1.05;0.64;40; 
EQ501P;PR700GN;0.67;0.24;0.45;13; 
EQ520P;PR310E 110V;0.27;0.34;0.42;5; 
EQ523PR;PR70E 110V;0.25;0.47;0.54;9; 
EQ558P;PRP482G4 BIVOLT;1.99;0.98;1.1;189; 
EQ570P;PRK06 110V;0.19;0.25;0.47;10; 
EQ571P;PRK06 220V;0.19;0.25;0.47;10; 
EQ740P;PR350GN GAS;1.16;0.95;0.64;40; 
IC002PR;PRB08 220V;0.26;0.74;1.63;36.4; 
IC003PR;PRBF50GELOX;0.15;0.43;1.55;21.5; 
IC004PR;PRB06 110V;0.26;0.74;1.29;27.2; 
IC005PR;PRBF40;0.18;0.45;1.18;15; 
IC006PR;PRB08 110V;0.26;0.74;1.63;36.4; 
IC234C;VCLP130;1.14;1.34;0.5;59; 
IC238C;BCLP100;1.14;0.96;0.65;62; 
IC290C;BRC122220V;1.14;1.23;0.68;85; 
IC292C;BRC180110V;1.14;1.78;0.68;125; 
IC293C;BRC180220V;1.14;1.78;0.68;125; 
IC296C;BRC122220V;1.14;1.23;0.68;85; 
IC297C;VTRD122220V;1.14;1.23;0.68;103; 
IC298C;VTRD180110V;1.14;1.78;0.68;142; 
IC299C;VTRD180220V;1.14;1.78;0.68;142; 
IC300C;VTRD180110V;1.14;1.78;0.68;142; 
IC301C;BRE200220V;1.06;1.96;0.63;132; 
IC520C;VSLP180;1.14;1.76;0.65;104; 
IC521C;VSLP122;1.14;1.21;0.65;71; 
IC530C;VTRD122220V;1.14;1.23;0.68;103; 
IC531C;VTRD180110V;1.14;1.78;0.68;142; 
IC532C;VTRD180220V;1.14;1.78;0.68;142; 
IC534C;VTRD122110V;1.14;1.23;0.68;103; 
IC535C;BRC180110V;1.14;1.78;0.68;125; 
IC536C;BRC180220V;1.14;1.78;0.68;125; 
EP052F;CFF40E220V;2.25;1.9;0.82;208; 
EP054F;RF120 INOX 220V;2.25;0.82;0.95;208; 
EP060F;RF114220V;2.25;0.75;0.95;150; 
EP061F;RF114-60X80 220V;2.25;0.75;0.95;150; 
EP062F;RF114-40X80 220V;2.25;0.75;0.95;150; 
EP063F;RF118 INOX 220V;2.25;0.75;0.95;150; 
IC126 F;RF029220V;2.15;3.12;0.72;360; 
IC129F;RF-038 220V;1.12;1.98;0.75;130; 
IC130F;RF034220V;1.12;1.58;0.75;102; 
IC131F;RF042220V;1.12;2.58;0.75;173; 
IC132F;RF038220V;1.12;1.98;0.75;130; 
IC133F;EF003 220V;2.15;0.92;0.9;137; 
IC241F;RF056220V;2.35;2.12;0.98;230; 
IC242F;RF054220V;2.35;1.68;0.98;190; 
IC243F;RF058220V;2.35;2.6;0.98;270; 
IC251F;RF046220V;1.12;2.98;0.75;215; 
IC252F;RF041220V;1.38;1.98;0.75;158; 
EP099B;BP12NR12BI;0.48;0.62;0.81;50; 
EP101B;ALI25 BIVOLT;0.88;0.69;0.44;61; 
EP104B;FB12BINR12;1.31;0.55;0.88;82; 
EP105B;DVB-30N;0.96;0.56;0.43;50; 
EP110B;AR25220VNR12;0.73;0.7;0.91;143; 
EP218B;MP02BIV;0.9;0.31;0.46;19; 
EQ631B;FC01;0.5;0.22;0.25;3.6; 
EQ632B;RQ01110V;0.41;0.26;0.47;18; 
EQ633B;RQ01220V;0.41;0.26;0.47;18; 
EQ634B;BMP150110V;0.69;0.57;0.37;22.5; 
EQ635B;FLB180;0.22;0.27;0.36;5.5; 
EQ992B;9497 DES-60 BIV;0.24;0.68;0.86;27; 
EQ191I;10C 220V;0.6;0.6;1.7;31; 
EQ192I;10C 220V APOIO;0.6;0.6;1.7;31; 
EQ193I;6C 110V;0.6;0.6;1.4;27; 
EQ194;8C 220V INOX;0.6;0.6;1.6;29; 
EQ194I;6C INOX 220V;0.6;0.6;1.4;27; 
EQ195 I;10C 220V;0.6;0.6;1.7;31; 
EQ196 I;10C SALADA;0.6;0.6;1.7;31; 
EQ196I;8C 110V INOX;0.6;0.6;1.6;29; 
EQ197I;8C 110V CHEF;0.6;0.6;1.6;29; 
EQ198I;6C CINZA 220V;0.6;0.6;1.4;27; 
EQ199I;4C 220V;0.6;0.6;1.2;25; 
EQ200I;6C INOX 110V IBET;0.6;0.6;1.4;27; 
EQ202I;GN1/16Q/3FINOX220V;0.6;0.8;1.6;30; 
EQ203I;GN1/16Q/3FCINZA110;0.6;0.8;1.6;30; 
EQ217I;8C CINZA 220V;0.6;0.6;1.6;29; 
EQ246;8C 110V IBET;0.6;0.8;1.6;29; 
EQ247I;8C 110V C/PROT VID;0.6;0.6;1.6;29; 
EQ248I;12C 110V C/PROT VI;0.6;0.6;1.9;33; 
EQ255 I;6C 110V SALADA;0.6;0.6;1.4;27; 
EQ392I;4C 220V;0.6;0.6;1.2;25; 
EQ412I;8CDUPLO110V;0.6;0.8;1.6;30; 
EQ413I;8C 110V;0.6;0.6;1.6;29; 
EQ414I;8C 220V;0.6;0.6;1.6;29; 
EQ416I;8C CINZA 110V;0.6;0.6;1.6;29; 
EQ417I;12C 220V;0.6;0.6;1.9;33; 
EQ418I;10C 110V;0.6;0.6;1.7;31; 
EQ561I;4C 110V T.INOX;0.6;0.6;1.2;25; 
EQ562I;4C 220V T.INOX;0.6;0.6;1.2;25; 
EQ563I;6C 220V;0.6;0.6;1.4;27; 
EQ002 T;W3B110V;0.37;0.38;0.5;8; 
EQ003T;W6B110V;0.37;0.38;0.96;14; 
EQ004 T;W4B110V;0.37;0.38;0.66;10; 
EQ007 T;W5B110V;0.37;0.38;0.81;11; 
EQ009T;W6BD220V;0.47;0.38;0.5;10.5; 
EQ010T;28912B110V;0.95;0.5;0.69;32; 
EQ011T;263G 110V;0.94;0.5;0.52;26; 
EQ012T;W6BD110V;0.47;0.38;0.5;10.5; 
EQ015T;W10BD110V;0.47;0.38;0.81;15; 
EQ016T;W12BD110V;0.47;0.38;0.96;20; 
EQ017T;W12BD220V;0.47;0.38;0.96;20; 
EQ018T;ACL5844B 110V;0.41;0.4;0.68;8.7; 
EQ019T;ACL5844B 220V;0.41;0.4;0.68;8.7; 
EQ033T;W3B220V;0.37;0.38;0.5;8; 
EQ040T;W4B220V;0.37;0.38;0.66;10; 
EQ041T;W8BD110V;0.47;0.38;0.66;14; 
EQ042T;W8BD220V;0.47;0.38;0.66;14; 
EQ051T;266SS110V;0.75;0.5;0.69;28; 
EQ059T;2668B110V;0.75;0.5;0.69;28; 
EQ064T;2668B220V;0.75;0.5;0.69;28; 
EQ083;266SS220V;0.75;0.5;0.69;28; 
EQ101T;2869B110V;0.94;0.5;0.52;28; 
EQ105T;2869BSS110V;0.94;0.5;0.52;28; 
EQ296T;FGE3220V;0.54;0.53;0.65;27; 
EQ299T;FGE4220V;0.61;0.54;0.69;30; 
EQ318 T;AML6BD220V;0.51;0.5;0.86;26; 
EQ319 T;AML6BD110V;0.51;0.5;0.86;26; 
EQ321 T;AML8BD110V;0.51;0.5;1.13;34; 
EQ323T;AML8BD220V;0.51;0.5;1.13;34; 
EQ344T;AMLD705220V;0.51;0.5;1.13;52; 
EQ398T;W5B220V;0.37;0.38;0.81;11; 
EQ478T;276SD9B220V;0.94;0.5;0.52;28; 
EQ479T;274SD6B110V;0.75;0.5;0.5;24; 
EQ480T;276SD6B110V;0.94;0.5;0.52;28; 
EQ559T;AMLD704110V;0.51;0.5;0.86;40.3; 
EQ870T;2646B110V;0.75;0.5;0.5;24; 
EQ871T;263G3BSS220V;0.94;0.5;0.52;26; 
EQ873T;2646BSS110V;0.75;0.5;0.5;24; 
EQ874T;2646BSS220V;0.75;0.5;0.5;24; 
EQ875T;2646B220V;0.75;0.5;0.5;24; 
EQ884T;28912BSS110V;0.95;0.5;0.69;32; 
EQ885T;28912BSS220V;0.95;0.5;0.69;32; 
EQ891T;28912B220V;0.95;0.5;0.69;32; 
EQ205W;301 ANODIZADO;0.6;0.75;0.63;58; 
EQ207W;310MANUAL220V;0.6;0.75;0.63;58; 
EP003G;FTE8220VTRIF;1.98;1.2;1.66;230; 
EP009G;FTG10 GAS;2.05;1.2;1.66;250; 
EP022G;FTG5 GAS;1.1;1.21;1.58;210; 
EP023G;FTE5;1.1;1.21;1.58;190; 
EP024G;FFI400;0.51;0.75;1.11;42; 
EP116G;ML400SL;1.5;0.69;1.29;240; 
EP117 G;BP05SL 1/3;0.55;0.35;0.59;45; 
EP119G;MES40;1.5;0.69;1.29;240; 
EP126G;MES25MONO;1.08;0.53;1.07;148; 
EP133G;MES25;1.08;0.53;1.07;148; 
EP140G;MBI05;0.77;0.72;0.86;40; 
EP143G;MBI25;0.96;0.83;0.85;86; 
EP149G;MBI05;0.77;0.72;0.86;40; 
EP150G;MR15;0.93;0.65;0.82;97; 
EP151G;CSPE390BIV;1.52;0.85;1.05;124; 
EP152G;MR25220;1;0.79;0.96;106; 
EP155G;CSI390;0.75;0.94;0.79;68; 
EP156G;MR50;1.15;0.84;1.16;148; 
EP157G;BP12SL;0.66;0.42;0.8;58; 
EP158G;CSE300;0.73;0.64;0.74;63; 
EP159G;BP30SL;1.4;0.59;0.92;130; 
EP160G;CSPE390;1.52;0.85;1.05;124; 
EP201G;FTG8 GAS;1.98;1.2;1.66;240; 
EP202G;MBI25;0.96;0.83;0.85;86; 
EQ192G;BTE10SLBRPTIV;2.01;0.75;0.54;85; 
EQ194G;BTE8SLBRPTII;1.68;0.75;0.54;75; 
EQ195G;BTE6SLBRPTII;1.4;0.75;0.54;65; 
EQ224G;FG48CD;0.94;2.05;1.26;140; 
EQ225G;FGI48EM;0.94;2.05;1.26;133; 
EQ255G;BTX6SLBRAIII;1.4;0.75;0.54;65; 
EQ256G;BTX10SLBRPTIV;2.01;0.75;0.54;85; 
EQ257G;BTX6SLBRPTII;1.4;0.75;0.54;65; 
EQ258G;BTX6SLAIPTIV;1.4;0.75;0.54;65; 
EQ270G;FG46EM;0.94;1.59;1.2;110; 
EQ413G;BTX8SLBRPTIV;1.68;0.75;0.54;75; 
EQ480G;ARV150 BIV;2.12;1.16;1.25;230; 
EQ481G;ARV110 BIV;1.76;1.16;1.25;198; 
EQ509G;FG42LM;0.94;1.12;0.73;58; 
EQ513G;FG44EM;0.94;1.12;1.26;73; 
EQ514G;FGI44EM;0.94;1.12;1.26;73; 
EQ515G;FGI44ED;0.94;1.12;1.26;73; 
EQ516G;FG46CM;0.94;1.59;1.26;112; 
EQ517G;FG46CD;0.94;1.59;1.26;120; 
EQ518G;FGI46CD;0.94;1.59;1.26;120; 
EQ537G;FG33LM;0.94;1.26;0.6;42; 
EQ560G;BTX6SLBRPTIV;1.4;0.75;0.54;65; 
EQ567G;BTE8SLBRPTIV;1.68;0.75;0.54;75; 
EQ568G;BTE8SL AIPTIV;1.68;0.75;0.54;75; 
EQ569G;BTE8SL AIPTIV;1.68;0.75;0.54;75; 
EQ570G;AF30NEW;1.85;0.65;1.3;120; 
EP002K;1321 220V;0.88;0.36;2.08;108; 
IC003K;0429.1 220V;1.51;0.98;2.1;197; 
IC004K;0423.11 220V;1.76;1.12;2.11;300; 
IC005K;0450.13 220V;2.31;0.9;2.1;262; 
IC006K;0905.5 110V;1.43;0.85;2.1;180; 
IC007K;0905.5 220V;1.43;0.85;2.1;180; 
IC008K;0904.1 110V;1.43;0.85;1.6;152; 
IC009K;0904.1 220V;1.43;0.85;1.6;152; 
IC014K;0914.1 220V;1.43;0.85;1.6;132; 
IC015K;0915.6 220V;1.43;0.85;1.6;132; 
IC016K;0919.1 220V;1.43;0.85;1;88; 
IC017K;0164 220V;2.25;0.91;1.63;235; 
IC019K;0207.5 220V;2.16;2.15;1.35;312; 
IC020K;0205 220V;2.16;2.15;1.35;312; 
IC021K;2384 220V;1.43;1.15;2.34;150; 
IC022K;2381 220V;1.65;1.15;1.73;130; 
IC024K;0165 220V;2.25;0.91;2.3;287; 
IC026K;0914.1 110V;1.43;0.85;1.6;132; 
IC027K;0915.6 110V;1.43;0.85;1.6;132; 
IC030K;0804 220V;1.35;0.75;1.6;146; 
IC031K;0918.5 220V;1.43;0.85;1;88; 
IC032K;0177 220V;2.02;0.75;1.6;163; 
IC034K;0224 110V;2.25;0.91;3.1;355; 
IC035K;825;1.35;0.75;1;98; 
IC036K;0800 110V;1.35;0.75;1.3;120; 
IC037K;0800 220V;1.35;0.75;1.3;120; 
IC039K;0404.1 220V;1.43;0.9;2.11;205; 
IC040K;0501.1 110V;2.22;0.72;1.82;163; 
IC041K;0501.1 220V;2.22;0.72;1.82;163; 
IC042K;0502.1 110V;2.22;0.72;2.35;197; 
IC043K;0166 110V;2.25;0.91;3.1;355; 
IC044K;0166 220V;2.25;0.91;3.1;355; 
IC045K;2380 220V;1.43;1.15;1.73;120; 
IC046K;0810 110V;1.35;0.75;1.6;146; 
IC047K;0820 110V;1.35;0.75;1.3;102; 
IC048K;0107.2 220V;2.04;0.72;1.9;238; 
IC049K;0107.2 110V;2.04;0.72;1.9;238; 
IC050K;0103.2 110V;2.04;0.72;1.33;175; 
IC051K;0103.2 220V;2.04;0.72;1.33;175; 
IC052K;0503.1 220V;2.22;0.72;2.91;242; 
IC053K;0437 220V;1.76;1.12;3.11;307; 
IC054K;0463.1 220V;1.43;0.9;3.05;286; 
IC055K;178;2.02;0.75;2.32;223; 
IC056K;0224 220V;2.25;0.91;3.1;355; 
IC058K;0432.1;1.51;0.98;3.1;287; 
IC059K;0546.1;1.06;0.88;2.1;145; 
IC060K;0461.2 220V;1.43;0.9;2.11;198; 
IC061K;0456.1 220V;1.43;0.9;3.05;286; 
IC063K;0179 220V;2.02;0.75;0.9;112; 
IC065K;0454.1 220V;1.43;0.9;2.11;198; 
EQ157T;PRIX5 WIFI P50022;0.31;0.58;0.58;15.5; 
EQ159T;9094 9094314;0.14;0.4;0.38;4; 
EQ164T;2099 2099013;0.17;0.51;0.95;14.6; 
EQ165T;2099 2099012;0.16;0.44;0.86;11.3; 
EQ166T;9094 9094420;0.14;0.4;0.38;4; 
EQ390T;8217LP 8217021;0.44;0.45;0.19;11.2; 
EQ409T;PRIX4 UNO  P400112;0.29;0.49;0.49;14.5; 
EQ410T;PRIX4 UNO  P400122;0.29;0.49;0.49;14.5; 
EQ411T;PRIX4DUEWIFI;0.58;0.58;0.31;18; 
EQ472T;PRIX3 PLUS P300014;0.14;0.4;0.38;4; 
EQ473T;9300G 220V;0.6;0.7;0.73;64; 
EQ474T;PRIX3 FIT P300100;0.13;0.34;0.39;3.2; 
EQ303;12905;0.16;0.49;0.7;8.5; 
EQ303RB;1437;0.13;0.47;0.5;5; 
EQ304;311;0.22;0.32;0.49;6.38; 
EQ304RB;892;0.22;0.31;0.49;6.98; 
EQ305;12907;0.16;0.59;0.69;10.58; 
EQ305RB;1872;0.25;0.35;0.37;16; 
EQ306;12906;0.16;0.49;0.7;7.86; 
EQ307;5928;0.28;0.51;0.59;25.08; 
EQ307R;12902;0.16;0.5;0.69;7.69; 
EQ308;12901;0.16;0.49;0.7;8.5; 
EQ308RB;1357;0.22;0.31;0.49;6.98; 
EQ309;3139;0.22;0.31;0.4;5.44; 
EQ310RB;3220;0.11;0.22;0.46;3.8; 
EQ311RB;3218;0.11;0.22;0.37;2.55; 
EQ355;312;0.22;0.32;0.7;7.98; 
EQ360;5929;0.28;0.51;0.59;25.08; 
EQ401;3222;0.11;0.22;0.37;3.31; 
EQ405;1869;0.22;0.31;0.49;6.98; 
EQ415R;5931;0.28;0.51;0.59;25.08; 
EQ508R;12903;0.16;0.6;0.7;10.48; 
EQ523RB;3223;0.11;0.22;0.46;3.8; 
EQ650RB;3865;0.22;0.32;0.4;5.71; 
EQ651R;1866;0.11;0.22;0.37;3.31; 
EQ651RB;1787;0.22;0.31;0.49;6.02; 
EQ652RB;3676;0.22;0.31;0.49;6.02; 
EQ760;2544;0.96;0.33;0.45;12; 
EQ998RB;2790;0.22;0.32;0.4;5.71; 
EQ151R;DP50 33X28;0.29;0.45;0.66;5.5; 
EQ153R;DP300 50X50;0.53;0.53;0.15;12; 
EQ154R;9003;0.2;0.21;0.21;1.2; 
EQ155R;9005;0.2;0.21;0.21;1.2; 
IC430I;CT60;4.9;6;4.65;12.4; 
IC431I;CT130;5.9;8.7;5.55;21.95; 
IC432I;CT30;4.2;5;4;8.55; 
EQ034MV;LAR 2 110V;0.37;0.21;0.36;4.6; 
EQ036MV;LAR 4 110V;0.38;0.25;0.44;6; 
EQ047MV;LAR 1.5 110V;0.37;0.21;0.36;3.3; 
EQ048MV;LAR 1.5 220V;0.37;0.21;0.36;3.3; 
EQ052MV;LAR 2 220V;0.37;0.21;0.36;4.6; 
EQ054MV;LAR 4 220V;0.38;0.25;0.44;6; 
EQ055MV;LQL4 BIV;0.38;0.25;0.44;10.1; 
EQ056MV;LQL6 BIV;0.47;0.26;0.44;10.7; 
EQ057MV;LQL8 BIV;0.47;0.26;0.44;10.8; 
EQ058MV;LQL10 BIV;0.58;0.24;0.43;11; 
EQ059MV;LQL15 BIV;0.98;0.45;0.64;27.5; 
EQ060MV;LQL25 BIV;1.16;0.45;0.64;28.5; 
EQ061MV;BMK 110V;0.51;0.19;0.23;5.1; 
EQ062MV;BMK 220V;0.51;0.19;0.23;5.1; 
EQ064MV;MPA 1/3CV BIV;0.57;0.45;0.62;32.5; 
EQ070MV;CUT 4L BIV;0.63;0.25;0.27;14; 
EQ072MV;RDA BIV;0.56;0.33;0.53;24; 
EQ073MV;ESL BIV;0.4;0.24;0.4;5.3; 
EQ074MV;ESPMAX BIV;0.4;0.24;0.4;8.5; 
EQ075MV;MP200 BIV;0.75;0.33;0.28;14; 
EQ076MV;DPC30;1.51;0.47;0.74;70; 
EQ107MV;PCL 22 BIV;0.41;0.38;0.7;46; 
EQ205MV;CFE300 220V;0.41;0.48;0.57;25.5; 
EQ313MV;PAC BIV;0.54;0.25;0.45;25; 
EQ314MV;EL-10;0.35;0.38;0.94;30; 
EQ315MV;SFMP218 BIV;1.61;0.74;0.79;83; 
EQ316MV;SFMI 218 BIV;1.61;0.74;0.79;83; 
EQ319MV;MPAM1/2CVBIV C/NR;0.57;0.45;0.62;37; 
EQ320MV;MPAMBIV S/NR;0.57;0.45;0.62;37; 
EQ348MV;SFGP282 BIV;1.78;0.91;1.01;115; 
EQ374MV;DB10 BIV;0.94;0.52;0.68;49; 
EQ375MV;DA6BIV;0.78;0.45;0.6;27; 
EQ378MV;TFE6 110V;0.62;0.25;0.6;5.9; 
EQ379MV;TFE6 220V;0.62;0.25;0.6;5.9; 
EQ380MV;TFG6 GAS;0.32;0.5;0.6;6.8; 
EQ439MV;FIE20L220V;1.02;0.49;0.54;17.6; 
EQ993B;BL60 110V;1;0.2;0.39;10; 
EQ994B;BL60 220V;1;0.2;0.39;10; 
EQ995B;BL45 110V;0.63;0.18;0.38;8; 
EQ996B;BL45 220V;0.63;0.18;0.38;8; 
EQ997B;BL30 110V;0.63;0.18;0.38;8; 
EQ998B;BL30 220V;0.63;0.18;0.38;8; 
UT001BL;PORTA COPO AGUA;0.55;0.25;0.2;3.8; 
UT002BL;PORTA COPO CAFE;0.42;0.32;0.31;3.94; 
UT003BL;PORTA CANUDO BRANC;0.41;0.31;0.19;3.96; 
UT004BL;PORTA GUARDANAPO;0.39;0.26;0.16;4.2; 
UT005BL;PORTA GUARDANAPO;0.39;0.26;0.16;4.2; 
UT006BL;PORTA HIGIENICO;0.3;0.3;0.16;1.1; 
UT007BL;PORTA INTERFOLHA;0.26;0.16;0.21;1; 
EQ513U;UR10000150S/C;0.14;0.48;0.84;12; 
IC030;6004;1.25;1.35;0.75;83.5; 
IC032;3011;1.25;1.9;0.75;115; 
IC055;3010;1.25;1.9;0.75;116; 
IC061;6204;1.25;1.35;0.75;86; 
IC062;6005;1.25;1.35;0.75;83.5; 
IC063P;6201;1.25;0.9;0.75;66; 
IC256P;6011;1.25;1.95;0.75;120; 
IC260P;5205 220V;1.25;1.35;0.75;91; 
IC262P;5202 110V;1.25;0.95;0.75;72; 
IC263P;5202 220V;1.25;0.95;0.75;72; 
IC402P;2202;2.2;1.51;0.7;190; 
IC403P;1002;1.5;1.51;0.83;141; 
IC404P;1202;1.4;1.51;0.84;147.5; 
IC407P;5008;1.25;1.6;0.75;102; 
IC408P;5005;1.25;1.35;0.75;88.5; 
IC409P;6008;1.25;1.6;0.75;100; 
IC411P;5008;1.25;1.6;0.75;102; 
IC413P;3005;1.25;1.35;0.75; 89.2 ; 
IC414P;3005-2 ;1.25;1.35;0.75; 89.2 ; 
IC415P;3005;1.25;1.35;0.75; 89.2 ; 
IC418P;3008-2 ;1.25;1.6;0.75;101; 
IC421P;2208;2.2;3.01;0.7;321; 
IC422P;2208;2.2;3.01;0.7;321; 
IC423P;2204;2.2;2.01;0.7;252; 
IC424P;2204;2.2;2.01;0.7;252; 
IC427P;3011-2 ;1.25;1.9;0.75;115; 
IC428P;3011-2 ;1.25;1.9;0.75;115; 
IC439P;4005;2.2;1.9;0.71;315; 
IC440P;4005;2.2;1.9;0.71;315; 
IC442P;3104;1.25;1.95;0.72;117.5; 
IC443P;1205;1.4;2.01;0.84;173; 
IC446P;2401;2;0.64;0.68;103; 
IC447P;7002;1.2;1.8;1.1;188; 
IC448P;3011;1.25;1.9;0.75;115; 
IC449P;4103;1.01;2.1;0.66;170; 
IC450P;4003;2.2;1.4;0.71;214; 
IC451P;4003;2.2;1.4;0.71;214; 
IC452P;3008-2 ;1.25;1.6;0.75;101; 
IC453P;5005;1.25;1.35;0.75;88.5; 
IC454P;3005-2 ;1.25;1.35;0.75; 89.2 ; 
IC455P;3008;1.25;1.6;0.75;101; 
IC456P;3008;1.25;1.6;0.75;101; 
IC457P;7203;2.05;2.2;0.95;275; 
IC458P;7003;2.05;1.6;0.7;166; 
IC459P;3013;1.25;2.1;0.75;125; 
IC460P;7005;2.05;2;0.7;210; 
IC461P;1005;1.5;2.01;0.83;163; 
IC462P;1205;1.4;2.01;0.84;173; 
LB429P;2407;2.05;1.12;0.77;165; 
LB430P;2401;2;0.64;0.68;103; 
EQ580A;PA-SP INM;0.37;0.43;0.43;8; 
EQ581A;PA-IQ INM;0.39;0.5;0.5;10; 
EQ582A;PA-PR INM;0.39;0.5;0.5;9; 
EQ585A;PK-06P110V INM;0.24;0.39;0.47;14; 
EQ586A;PK-06P220V INM;0.24;0.39;0.47;14; 
EQ589A;PK-06G220V INM;0.24;0.55;0.33;18; 
EQ590A;PK-12P110V INM;0.18;0.24;0.46;8; 
EQ591A;PK-12P220V INM;0.18;0.24;0.46;8; 
EQ600A;MC-01;0.62;0.35;0.22;11; 
EQ601A;RC-01;0.43;0.11;0.35;1.5; 
EQ414O;VFRS1900 110V;0.37;1.98;0.36;65; 
EQ542O;VFRS1300 220V;0.37;1.38;0.36;45; 
EQ543O;VFR1300 220V;0.37;1.38;0.36;45; 
EQ544O;VFR1300 110V;0.37;1.38;0.36;45; 
EQ436K;FKGAI120S220V;1.64;0.94;0.8;102; 
EQ750K;FKELS-3220V;0.6;0.8;0.9;70; 
EQ751K;FKELS-4220V;0.54;1.1;1.1;108; 
EQ752K;FKGE-2;0.6;0.8;0.9;70; 
EQ753K;FKGE-3;0.54;1.1;1.1;108; 
EQ754K;FKELS-3110V;0.6;0.8;0.9;70; 
EQ473;FG30INOX 110V;1.65;1.14;0.55;100; 
EQ474;FG30INOX 220V;1.65;1.14;0.55;100; 
EQ475A;MMX BIV;0.47;0.45;0.36;45; 
EP058M;BA1600/600;1;16.1;6.4;24; 
EQ023M;CBG450C;2.8;6;5.5;28; 
EQ024M;CBG600C;2.8;6;7.2;30; 
EQ025M;CBG800C;2.8;6.7;9.3;36; 
EQ026M;CBG1000C;3;6.7;11.3;40; 
EQ027M;CBG1200C;3;6.7;13.4;78; 
EQ028M;FRCG03;2.8;3.5;4.7;4.7; 
EQ256M;GFAO30P 220V;0.92;0.46;0.51;17; 
EQ258M;TFAO40CG 220V;1.01;0.56;0.56;17; 
EQ617M;CBE1500L 220V;0.3;0.67;1.66;107; 
EQ618M;CBE1200L 220V;0.3;0.67;1.34;78; 
EP706A;CLD 300 BIV;0.67;0.52;0.65;48; 
EQ595A;RLD 150 BIV;0.5;0.51;0.58;15.5; 
EQ596A;RLM 120 BIV;0.32;0.17;0.33;7.6; 
EQ625A;MCF55 2.0 BIV;0.31;0.27;0.32;7.9; 
EQ628A;MCR08 3.0 127V;0.32;0.27;0.35;11.12; 
EQ629A;MCRX08 3.0 127V;0.32;0.27;0.35;11.12; 
EQ630A;MCR08 3.0 220V;0.32;0.27;0.35;11.12; 
EQ663A;170S 3.0 127V;0.32;0.33;0.37;10.75; 
EQ706A;FTD 178MC 3.0 127V;0.32;0.33;0.37;10.75; 
EQ775A;MTU08 2.0 BIV;0.32;0.31;0.45;13.3; 
EQ776A;FTD 250 NS;0.4;0.56;0.46;31; 
EQ921A;CPA;1;0.6;1.8;80; 
EQ922A;CC2;1.02;0.6;1.7;30; 
EQ923A;CHU1;0.83;0.53;1.8;48; 
EQ924A;C311;1.22;0.62;1.5;50; 
EQ925A;CH3;1.21;0.62;0.85;40; 
EQ926A;CMVA;1;0.7;0.9;30; 
EQ928A;CBF1;1.45;0.6;1.5;50; 
EQ929A;CH1G;0.77;0.55;0.85;20; 
EQ934A;CHU1.2;0.83;0.53;1.8;50; 
EQ937A;CAB 1;1.1;0.51;0.85;35; 
EQ938A;BPCP1;2;0.45;0.12;30; 
EQ939A;BPCP2;2.3;0.45;0.12;40; 
EQ543;SF400 PILHA;0.05;0.19;0.26;0.42; 
EQ243CO;1203;0.34;0.32;0.2;3.09; 
EQ278CO;1204;0.34;0.32;0.2;3.09; 
EQ314CO;1250;0.35;0.32;0.2;7.13; 
EQ315CO;1205;0.41;0.4;0.22;4.54; 
EQ316CO;1251;0.41;0.4;0.22;7.6; 
EQ350CO;1206;0.41;0.4;0.22;4.54; 
EQ544CO;702;0.19;0.37;0.19;4; 
EQ545CO;703;0.23;0.43;0.23;6; 
EQ546CO;707;0.19;0.37;0.19;4; 
EQ550CO;210;0.24;0.17;0.12;0.9; 
EQ551CO;220;0.38;0.21;0.19;2.25; 
EQ552CO;230;0.38;0.21;0.19;3.3; 
IC271F;ICED1163 110V 2LN;1.01;3.17;1.02;; 
IC272F;ICED1163 220V 2LN;1.01;3.17;1.02;; 
IC274F;ICED568 220V;1.01;2.08;0.95;130; 
IC275F;ACFM1450 220V;2.25;1.92;0.78;231; 
IC278F;ICED1163 220V;1.01;3.17;1.02;; 
LB012F;HCED503C110V;0.96;1.58;0.71;73; 
LB013F;HCEB503V110V;0.93;1.62;0.76;74; 
LB014F;HCEB503V220V;0.93;1.62;0.76;74; 
LB016F;HCED503C220V;0.96;1.58;0.71;73; 
LB027F;VCED569C110V;2.07;0.7;0.85;101; 
LB028F;VCED569C220V;2.07;0.7;0.85;101; 
LB030F;VCFM501V110V;1.88;0.7;0.85;108; 
LB031F;VCFM501V220V;1.88;0.7;0.85;108; 
LB032F;VCFM565V220V;2.07;0.7;0.85;114; 
LB045F;VCFM565V110V;2.07;0.7;0.85;114; 
LB106F;HCED411C110V;0.96;1.34;0.71;66; 
LB107F;HCED411C220V;0.96;1.34;0.71;66; 
LB108F;HCED216C110V;0.96;0.83;0.72;47; 
LB109F;HCED216C220V;0.96;0.83;0.72;47; 
LB148F;HCEB216V110V;0.93;0.84;0.78;48; 
LB149F;HCEB216V220V;0.93;0.84;0.78;48; 
LB150F;HCEB311V110V;0.93;1.13;0.78;58; 
LB152F;HCEB411V110V;0.93;1.38;0.76;66; 
LB153F;HCEB411V220V;0.93;1.38;0.76;66; 
LB155F;HCEB311V220V;0.93;1.13;0.78;58; 
LB156F;HCED311C110V;0.96;1.08;0.72;55; 
LB157F;HCED311C220V;0.96;1.08;0.72;55; 
LB175F;VCFC565V110V;2.07;0.7;0.85;122; 
LB176F;VCFC565V220V;2.07;0.7;0.85;122; 
LB177F;VCFC565C110V;2.07;0.7;0.85;108; 
LB178F;VCFC565C220V;2.07;0.7;0.85;108; 
LB182F;VCED565V110V;2.07;0.84;0.85;121; 
LB183F;VCED565V220V;2.07;0.84;0.85;121; 
LB185F;VCFB565V110V;2.07;0.84;0.85;121; 
LB186F;VCFB565V220V;2.07;0.84;0.85;121; 
LB187F;VCFC284C110V;1.87;0.56;0.69;78; 
LB188F;VCFC284C220V;1.87;0.56;0.69;78; 
LB189F;VCFC284V110V;1.87;0.56;0.69;81; 
LB190F;VCFC284V220V;1.87;0.56;0.69;81; 
LB191F;VCFC431C110V;2.06;7;0.69;96; 
LB192F;VCFC431C220V;2.06;7;0.69;96; 
LB193F;VCFC431V110V;2.06;0.7;0.69;96; 
LB194F;VCFC431V220V;2.06;0.7;0.69;96; 
LB195F;VCFM402V110V;1.89;0.7;0.85;99; 
LB196F;VCFM402V220V;1.89;0.7;0.85;99; 
LB197F;VCFC284PCV110V;1.87;0.56;0.69;78; 
LB198F;VCFC284PCV220V;1.87;0.56;0.69;78; 
IC002K;KRES-6PD220V;1.97;0.76;2.01;154; 
IC130K;KRBR-4PD220V;1.38;0.76;2.01;116; 
IC136K;KRBR-4PD110V;1.38;0.76;2.01;116; 
IC143K;KRES-6PD110V;1.97;0.76;2.01;154; 
IC144K;KBSP-250P220V;2.58;0.65;0.87;125; 
IC145K;KBSP-250P220V;2.58;0.65;0.87;125; 
IC117S;PIA140X60GN50X40;0.9;0.6;1.4;23; 
IC135S;S152 190X70X85;0.85;0.7;1.9;27; 
IC136S;S154 190X70X85;0.85;0.7;1.9;29; 
IC137S;S152 190X70X85;0.85;0.7;1.9;27; 
IC139S;S167 40X30X60;0.63;0.33;0.43;9; 
IC140S;PIA200X70S/GN60;0.85;0.7;2;30; 
IC141S;PIA240X70S/2GN60;0.85;0.7;2;39; 
EQ210F;1519-5713 BIV;0.13;0.62;0.52;7.65; 
EQ212F;1642-6985 BIV;0.13;0.73;0.5;9.4; 
EQ213F;8969-12334 110V;0.39;0.62;0.54;13.3; 
EQ214F;8969-12335 220V;0.39;0.62;0.54;13.3; 
EQ215F;9741-17855 110V;0.39;0.62;0.54;15.6; 
EQ216F;9741-13188 220V;0.39;0.62;0.54;15.6; 
EQ217F;4513-9419 110V;0.1;0.3;0.65;2.79; 
EQ219F;5561-15517 110V;0.2;0.5;0.54;6.09; 
EQ223F;15214-16701 110V;0.2;0.32;0.21;2; 
EQ227F;15212-16699 110V;0.13;0.28;0.28;1.9; 
EQ229F;15200-16607 110V;0.27;0.13;0.12;1.07; 
EQ230F;15218-16705 110V;0.22;0.29;0.17;1.9; 
EQ232F;9741-17875 220V;0.39;0.62;0.54;15.6; 
EQ233F;9741-13187 110V;0.39;0.62;0.54;15.6; 
EQ234F;7727-11478 BIV;0.14;0.35;0.55;5.05; 
EQ100B;FBI-25 220V;0.93;0.6;0.52;6; 
EQ101B;DBL-10 BIV;0.9;0.6;0.5;30; 
EQ104B;SBS-40 1.0CV BIV;1.75;0.86;0.86;102; 
EQ105B;MBI-22 1.0CV BIV;0.51;0.38;0.55;45; 
UT009WN;398;0.19;0.21;0.37;1.37; 
UT015WN;306;0.23;0.24;0.39;2.09; 
UT016WN;386;0.26;0.28;0.42;2.62; 
UT018WN;905;0.39;0.29;0.4;5.79; 
UT019WN;906;0.39;0.32;0.4;6.4; 
EQ001M;907;0.39;0.36;0.4;6.95; 
UT001IS;853;0.18;0.28;0.43;2.35; 
UT002IS;902;0.21;0.19;0.45;1.22; 
UT003IS;908;0.2;0.13;0.45;0.96; 
UT004IS;918;0.22;0.28;0.43;2.61; 
UT005IS;444;0.05;0.32;0.44;1.28; 
UT006IS;522;0.06;0.28;0.37;0.58; 
UT007IS;6;0.05;0.2;0.33;0.24; 
UT008IS;8;0.05;0.28;0.41;0.41; 
UT009IS;394;0.07;0.28;0.41;0.41; 
UT010IS;396;0.07;0.37;0.5;0.74; 
UT011IS;4;0.06;0.3;0.3;0.32; 
UT012IS;5;0.06;0.35;0.35;0.42; 
UT013IS;178;0.23;0.25;0.37;1.05; 
UT014IS;395;0.07;0.32;0.45;0.62; 
UT015IS;9;0.05;0.32;0.45;0.47; 
UT016IS;852;0.05;0.37;0.5;0.5; 
UT017IS;685;0.06;0.43;0.58;1.13; 
UT018IS;686;0.06;0.47;0.67;1.42; 
UT019IS;687;0.06;0.49;0.74;1.66; 
UT020IS;688;0.04;0.43;0.58;0.97; 
EP163FC;689;0.04;0.47;0.67;1.21; 
EQ400FC;690;0.04;0.49;0.74;1.4; 
EQ100J;920;0.28;0.32;0.43;3.22; 
UT001E;919;0.26;0.28;0.43;2.92; 
UT002E;926;0.43;0.38;0.55;7.58; 
UT003E;941;0.07;0.28;0.41;0.41; 
UT004E;942;0.07;0.32;0.45;0.62; 
UT005E;943;0.07;0.37;0.5;0.74; 
UT006E;139;0.07;0.22;0.22;0.21; 
UT007E;140;0.07;0.24;0.24;0.25; 
UT008E;278;0.08;0.26;0.26;0.3; 
UT011E;135;0.15;0.22;0.22;0.67; 
UT012E;131;0.08;0.18;0.18;0.14; 
UT013E;391;0.07;0.21;0.21;0.16; 
UT014E;132;0.07;0.22;0.22;0.21; 
UT015E;392;0.07;0.26;0.26;0.24; 
UT016E;282;0.14;0.16;0.16;0.26; 
UT017E;300;0.14;0.35;0.35;0.99; 
UT018E;670;0.15;0.42;0.42;1.33; 
UT019E;671;0.19;0.52;0.52;2.14; 
UT020E;461;0.06;0.13;0.32;0.24; 
UT021E;136;0.06;0.13;0.29;0.18; 
UT024B;2099/240;0.52;0.28;0.62;4.85; 
UT025CZ;2099/260;0.52;0.28;0.8;4.5; 
UT072B;1098/202;0.61;0.44;0.36;8.02; 
UT078B;3040/203;0.27;0.27;0.43;2.48; 
UT079B;3040/204;0.32;0.32;0.49;3.95; 
UT080B;3040/205;0.32;0.32;0.67;6; 
UT081B;3032/203;0.29;0.29;0.49;2.56; 
UT082B;3032/205;0.34;0.34;0.62;3.96; 
UT085B;3041/204;0.39;0.39;0.53;7.05; 
UT086B;3100/210;0.34;0.34;0.66;4.28; 
UT109B;3038/252;0.14;0.21;0.63;2.91; 
UT154B;3038/251;0.14;0.21;0.63;2.91; 
IC007C;AD-43 BIV;0.4;0.47;0.47;14; 
IC008C;AD-50 BIV;0.43;0.53;0.53;15; 
UT001MG;RF-32 220V;0.7;0.54;0.5;24.1; 
EQ001CX;RF-32 110V;0.7;0.54;0.5;24.1; 
EQ594A;HPE80 220V MONO;0.91;1.02;0.98;122; 
EQ597A;HPE80 220V TRIF;0.91;1.02;0.98;122; 
UT001F;MINICONVSV 220V;0.01;0.01;0.01;40; 
UT001BM;1040;0.2;0.24;0.41;3.6; 
UT002BM;899;0.35;0.2;0.39;4.5; 
UT003BM;4764;0.3;0.22;0.49;8.1; 
UT004BM;1231;0.33;0.23;0.27;5.2; 
UT005BM;934;0.32;0.21;0.4;3.9; 
