EQ102C;AMB1/2CVNR12220V;41;31;48;2.8;0.06
EQ103;E-8 MANUAL;34.5;36.5;74.5;2.7;0.09
EQ108C;DS983CNR12V220V;60;48.5;93.5;6.5;0.27
EQ110C;DS983CVNR12220V;60;48.5;93.5;6.5;0.27
EQ111C;SFO169NR12220V;89.5;62;66.5;6.4;0.37
EQ120C;BC22NR12220V;49;36;75.5;4;0.13
EQ125C;M61NR12220V;89;54.5;107.5;12.5;0.52
EQ127C;BC32SNR12220V;54;39.5;82.5;5.3;0.18
EQ133C;M61NR12110V;89;54.5;107.5;12.5;0.52
EQ140C;SFO282220V;210;110;123;4.4;2.84
EQ141C;SFO282220V;210;110;123;4.4;2.84
EQ160;E-8 P/INOX;34.5;36.5;74.5;2.7;0.09
EQ495C;BC10NR12220V;41;29;62.5;3;0.07
EQ496C;BC50BIVOLT;29;26;41.5;1.4;0.03
EQ497C;CAF/8 BIV;36.5;29;615;2.2;0.07
EQ016;SSG50;23;74;53;25.88;0.09
EQ018;SCG90;25;113;50;36.87;0.14
EQ020;SSE50220V;21;55.3;49.5;21.58;0.06
EQ020E;SSGP40;21;65;47;15.4;0.06
EQ021E;SCGP60;21;86;44;20.4;0.08
EQ022;CG50;23;74;53;21.8;0.09
EQ023;CGP40;21;65;47;12.25;0.06
EQ024;CG70;23;94;53;26.8;0.11
EQ025;CGP80;19;106;46;21.93;0.09
EQ025E;SCE90 220V;23;94;53;36.8;0.11
EQ026;CG90;25;113;50;31.8;0.14
EQ027E;SCGP80;19;106;46;25.85;0.09
EQ028;CG110;28;144;50;36.8;0.2
EQ030;CG130;21;55.3;49.5;41.8;0.06
EQ037;CGP60;21;86;44;16.93;0.08
EQ038E;CGB-80;25;110;63.5;28.48;0.17
EQ039E;CGB-100;25;132;63.5;34.48;0.21
EQ040E;CEP-60;21;65;47;18;0.06
EQ043;CE50220V;21;55.3;49.5;17.5;0.06
EQ044;CE90220V;23;94;53;32.72;0.11
EQ045E;CGP100;23;49;46;27.16;0.05
EQ047E;ECP6110V;38.5;91;40.5;13.03;0.14
EQ052E;EREVP6110V;63;52.5;50;13;0.17
EQ053E;EREVP9110V;84;52.5;50;15.84;0.22
EQ059E;EVCSS9110V;84;52.5;50;21.33;0.22
EQ060E;EVC9110V;84;52.5;50;21.33;0.22
EQ063E;CBR90;58;111;27.5;61.68;0.18
EQ225;CE110220V;25;113;50;39.22;0.14
EQ259;VCP61;38.5;62;40.5;11.9;0.1
EQ357E;EVC6110V;63;52.5;50;16.85;0.17
EQ402;SCG110;28;144;50;41.87;0.2
EQ410;CE70220V;23;74;53;26.25;0.09
EQ536E;CBRP70FF;58;91;27.5;48.15;0.15
EQ645E;CGB120;25;164.5;63.5;40.87;0.26
IC002G;GBUP075T;127;84;80;95;0.85
IC039G;GBSP140;127;150;80;135;1.52
IC040G;GEPV075 ;186.2;54.1;59.6;98;0.6
IC051G;MPNV140CZ;118.6;183;81;126;1.76
IC052G;MPNV175;118.6;92;78;145;0.85
IC053G;MPXV080;118.6;92;78;99;0.85
IC254G;GSTO130;211;140;110;238;3.25
IC255G;GSTO130;217;262;110;238;6.25
IC256G;GSHF240;211;140;110;452;3.25
IC257G;GSTO240;207;74.5;85.5;411;1.32
IC985G;GCPCD210 ;155.5;225;106;255;3.71
IC987G;GCPCD310 ;155.5;325;106;360;5.36
LB020G;GTPC575;118.6;150;81;104;1.44
LB021G;GTPC575;207;74.5;85.5;104;1.32
LB037 G;GRBA120PR;88.4;54;70;51;0.33
LB041 G;GRBA330;168.5;72.5;72.5;86;0.89
LB044G;GRBA120PVP;188.8;54;64;51;0.65
LB045G;GRBA330B;204;71;74;86;1.07
LB046G;GRBA230;188.8;54;64;77;0.65
LB143G;GRBA120B;88.4;54;70;44;0.33
LB144G;GRBA450B;206;249;97;104;4.98
LB213G;GRBA120;88.4;54;70;44;0.33
LB214G;GRBA120;88.4;54;70;44;0.33
LB215G;GPTU230;88.4;54;70;73;0.33
LB216G;GPTU230;186.2;54.1;59.6;73;0.6
LB217G;GRBA230PVA;168.5;72.5;72.5;79;0.89
LB218G;GRBA230;188.8;54;64;77;0.65
EQ040S;BMSN-NR12110V;54;24.5;23;4.9;0.03
EQ041S;BMSN-NR12220V;54;24.5;23;4.9;0.03
EQ042S;BMS3NR12220V;56.5;52.5;34;13.6;0.1
EQ092S;ESBSUPER220V;42;44;32;11.4;0.06
EQ245S;LT1.5N220VNR12220V;26;22;36;2.5;0.02
EQ247S;LI1.5N110V;26;36;22;2.6;0.02
EQ248S;LI1.5N220V;26;36;22;2.6;0.02
EQ260S;EXB-N110V;42;44;32;6.5;0.06
EQ261S;LS04MB-N220V;42.5;52.5;30;11;0.07
EQ262S;LS04MB-N110V;42.5;30;52.5;10.6;0.07
EQ264S;EXB-N220V;42;44;32;6.5;0.06
EQ265S;TA02-N900W 110V;31;37;22.5;3.2;0.03
EQ267S;FSC-N220V;105;53;55;18;0.31
EQ268S;LS06MB-N110V;47;52.5;30;11.3;0.07
EQ269S;LS08MB-N110V;52;54;32.5;11.7;0.09
EQ273S;LAR25LMB-N 110V;119;42;56;24;0.28
EQ274S;LAR15LMB-N 110V;108;38;56;23;0.23
EQ278;TA02-N900W 220V;31;37;22.5;3.2;0.03
EQ278S;LS06MB-N220V;47;52.5;30;11.3;0.07
EQ281S;LB15PMB-N 110V;108;38;56;23;0.23
EQ284S;LB15PMB-N 220V;108;38;56;23;0.23
EQ285S;FC-N220V;105;53;55;18;0.31
EQ290S;LS10MB-NINM110V;55;54.5;34.5;12;0.1
EQ291S;LS10MB-NINM220V;55;54.5;34.5;12;0.1
EQ296S;LTS1.5N 110V NR12;29;22.5;35;3.9;0.02
EQ297S;LTS1.5N 220V NR12;29;22.5;35;3.9;0.02
EQ298S;LVS1.5N 110V NR12;29;22.5;35;5.1;0.02
EQ323S;ESBSUPER110V;42;44;32;11.4;0.06
EQ372S;DB06-N 110V;63;41;41;22.5;0.11
EQ373S;DB06-N 220V;63;41;41;22.5;0.11
EQ379S;LS03MB-N220V;29;22.5;35;4.1;0.02
EQ380S;LS03MB-N110V;29;22.5;35;4.1;0.02
EQ399S;LS08MB-N220V;52;54;32.5;11.7;0.09
EQ400S;FC350-N 220V;72;85;79;64;0.48
EQ414S;DB10-N 220V;78;53;64;27;0.26
EQ415S;DB-25HD-N 220V;121;79;96;92;0.92
EQ416S;CC-25HD;46.5;51;55;13.65;0.13
EQ442S;PA-7 NR12 220V;57;40;57;25.6;0.13
EQ443S;PA-7 NR12 110V;57;40;57;25.6;0.13
EQ525S;LT1.5N110VNR12;26;22;36;2.5;0.02
EQ660S;CFI300LNR12110V;49;67;68;31.5;0.22
EQ661S;CFI300LNR12220V;49;67;68;31.5;0.22
EQ711S;TA04MB-N110V;47;52.5;30.5;6.4;0.08
EQ712S;LT20SUPER-N110V;37;31.5;45.5;5.75;0.05
EQ713S;LT2.0SUPER-N220V;37;31.5;45.5;5.75;0.05
EQ714S;TA04MB-N220V;47;52.5;30.5;6.4;0.08
EQ738S;ABS220V;49;31;52.5;27;0.08
EQ970S;LB25PMB-N220V;119;42;56;24;0.28
EQ971S;PS-10220V;47.5;41.5;73;40;0.14
EQ972S;CR-4LN220V;52;33;38;20.5;0.07
EQ973S;LIS 1.5N220V;29;22.5;35;4.1;0.02
EQ974S;BPS-05N220V;47;29;44;12.8;0.06
EQ975S;LB25MB 220V;119;42;56;24;0.28
EQ976S;LIS 1.5N110V;29;22.5;35;4.1;0.02
EQ977S;PS-22220V;47.5;41.5;81;50;0.16
EQ978S;PS-22110V;47.5;41.5;81;50;0.16
EQ979S;LB25MB 110V;119;42;56;24;0.28
BB014G;RA100;1170;750;670;63;0.59
EP004G;FTG300GAS;1880;1110;1390;310;2.9
EP008G;FTG240GAS;1880;1110;1390;300;2.9
EP010G;AM05;730;530;670;52;0.26
EP012G;FTE150E;880;1110;1410;195;1.38
EP027G;CZ15;1240;700;680;75;0.59
EP028G;CZ37;1530;740;940;155;1.06
EP029G;CZ22;1530;740;940;122;1.06
EP031G;AM15;930;610;700;50;0.4
EP045G;MFP80;1040;330;440;28;0.15
EP047G;CSP600;1830;1200;1000;465;2.2
EP052G;CC1000;2200;1040;1820;350;4.16
EP070G;AE60L;1500;720;1310;313;1.41
EP071G;AE80L;1680;890;1400;583;2.09
EP102;DV30/1;590;690;930;90;0.38
EP102G;AM25;930;610;700;55;0.4
EP106G;BP38C;1190;960;800;208;0.91
EP107G;AR25;800;700;1000;150;0.56
EP108G;CS500;1830;830;1000;210;1.52
EP109G;ARC25;800;700;1000;143;0.56
EP110G;AE25L;1250;590;1080;190;0.8
EP111G;MPS500;1170;900;900;140;0.95
EP112G;AE40L;1420;720;1310;300;1.34
EP114G;AE15L;1150;590;1080;152;0.73
EP118G;FP12S;1520;650;870;102;0.86
EP121G;BP18C;840;520;960;109;0.42
EP124G;MPS350;1170;750;900;120;0.79
EP125G;MPS250;580;680;900;80;0.35
EP127G;AR15;840;640;860;80;0.46
EP128G;AE10L;820;510;970;75;0.41
EP130G;AE15L;1150;590;1080;155;0.73
EP131G;MPS350;1170;750;900;120;0.79
EP132G;CS500;1830;830;1000;210;1.52
EP134G;AME05/15;730;530;670;61;0.26
EP135G;BP18CSS;840;520;960;109;0.42
EP136G;BP5RP;660;280;520;37;0.1
EP138G;AE05L;690;420;820;68;0.24
EP139G;MFP80;1040;330;440;28;0.15
EP145G;BP5RP;660;280;520;37;0.1
EP146G;CS500;1830;830;1000;210;1.52
EP147G;FP12S;1520;650;870;102;0.86
EP148G;BP12RP;820;390;720;50;0.23
EP161G;AE05L;690;420;820;68;0.24
EP162G;DC04;530;420;810;33;0.18
EP163G;AM25;930;610;700;55;0.4
EP233G;CS450;1740;740;1040;134;1.34
EP234G;CL390;680;630;890;70;0.38
EP235G;CL390;680;630;890;70;0.38
EP236G;CL390;680;630;890;70;0.38
EP237G;CS390;730;680;750;68;0.37
EQ424;RQ15;510;340;610;26;0.11
EQ425;RQ15;510;340;610;26;0.11
EQ469B;BK300I1 INOX;18;49;87;20;0.08
EP057I;5249;200;77;44.5;12;0.69
EP064I;2847;20;190;70;30;0.27
EP066I;2848;20;120;70;22;0.17
EP067I;2849;20;150;70;28;0.21
EP068I;2850;20;190;70;28;0.27
EP082I;3595;20;190;90;29;0.34
EP086I;3805;20;160;60;29;0.19
EP099I;2854;20;190;90;36;0.34
EP181I;1;200;75;65;75;0.98
EP190I;5394;230;150;85;29;2.93
EP196I;1058;180;110;50;33;0.99
EP198I;1049;180;110;50;33;0.99
EP200I;1052;180;90;50;25;0.81
EP250I;4913;40;150;70;30;0.42
EP251I;4914;40;180;70;30;0.5
EP256I;4915;40;180;70;35;0.5
BB001L;BEB STILO 110V;51.5;30.5;43.5;9.2;0.07
BB002L;BEB STILO 220V;51.5;30.5;43.5;9.2;0.07
BB004L;110V;51.5;30.5;43.5;10.8;0.07
BB005L;220V;51.5;30.5;43.5;10.8;0.07
BB006L;110V;37;38;40;4.9;0.06
BB007L;220V;37;38;40;4.9;0.06
BB031;BEB GAR TORRE;100;28.5;37.5;12.4;0.11
BB055;INOX 110V;108;34;35.5;14.9;0.13
BB105 L;BEB PRESSAO CONJ;108;70;32.5;18;0.25
BB106 L;BEB PRESSAO CON;108;70;32.5;18;0.25
BB530;BEB GAR TORRE;100;28.5;37.5;12.4;0.11
BB555 L;INOX 220V;108;34;35.5;14.9;0.13
EQ531M;FG1202 220V;11;31;50;2.4;4
EQ532M;FG1102 220V;10;31;29;2.4;2.4
EQ540M;GC1152 220V;46;36;40;7.8;0.07
EQ541M;DR2221 110V;33;42;33;3.4;0.05
EQ546M;MB2350;25;25;70;3.8;0.04
EQ548M;DR2251 110V;40;62;30;5.6;0.07
EQ549M;DR2222 220V;33;42;33;3.4;0.05
EQ550M;CH3135 GAS;69;148;32;83;0.33
EQ551M;GC1151 110V;46;36;40;7.8;0.07
EQ552M;DR2252 220V;40;62;30;5.6;0.07
EQ553M;DR1011 110V;23;23;32;1.8;0.02
EQ554M;MB2150;21;21;54;2.4;0.02
EQ555M;CF1201 110V;27;27;34;1.6;0.02
EQ556M;CF1691 110V;30;30;44;3.4;0.04
EQ559M;MA1251 110V;69;103;21;19.4;0.15
EQ560M;MA2502 220V;69;105;34;28;0.25
EQ561M;MA1601 110V;35;57;17;3.2;0.03
EQ562M;CF3101 110V;37;37;87;10;0.12
EQ563M;CF3102 220V;37;37;87;10;0.12
EQ564M;CF2101 110V;37;37;87;7;0.12
EQ565M;CF2102 220V;37;37;87;7;0.12
EQ566M;ES1292;42;42;33;3.2;0.06
EQ567M;ES1291;42;42;33;3.2;0.06
EQ570M;CF3601 110V;37;37;66;5.8;0.09
EQ571M;CF3602 220V;37;37;66;5.8;0.09
EQ572M;MA1252 220V;69;103;21;19.4;0.15
EQ573M;MA2501 110V;69;105;34;28;0.25
EQ574M;CF3202 220V;37;37;44;4.4;0.06
EQ575M;MA1602 220V;35;57;17;3.2;0.03
EQ576M;DR2121 110V;20;36;23;2.2;0.02
EQ577M;CF1202 220V;27;27;34;1.6;0.02
EQ578M;CF2801 110V;37;37;75;6.8;0.1
EQ579M;CF4422 220V;41;45;56;12.8;0.1
EQ201GL;GLP250BIV;0.53;0.59;0.51;27;0.16
EQ202GL;GLP275BIV;0.53;0.63;0.56;35;0.19
EQ203GL;GLP300BIV;0.56;0.66;0.6;35;0.22
EQ204GL;GLP330BIV;0.56;0.66;0.6;36;0.22
EQ340GL;TLX40TSTRIF220V;2.05;1.2;0.95;193;2.34
EQ341GL;BRT40TRIF220V;2.05;1.15;0.93;150;2.19
EQ342GL;BRT40MONO220V;2.05;1.15;0.93;150;2.19
EQ690GL;AXT30IBIV;0.6;0.66;0.68;43;0.27
BB161V;RBI10;1610;580;800;62.9;0.75
BB162V;RBI10;1610;580;800;62.9;0.75
BB169V;RV116;720;240;520;17.4;0.09
BB170V;RV116;720;240;520;17.4;0.09
BB171V;RV216;730;450;520;25.8;0.17
BB172V;RV216;730;450;520;25.8;0.17
EP001V;FCDT5;1050;1110;1400;199;1.63
EP002V;FVT5D;940;1070;1330;182.6;1.34
EP003V;FCDET8;1980;1160;1460;263;3.35
EP004V;FCDT10;1970;1110;1460;288.6;3.19
EP005V;FCDEMT5 ;1050;1110;1400;187;1.63
EP006V;FCDET5 ;1040;1100;1380;187;1.58
EP007V;FCDET10 ;1990;1130;1500;284;3.37
EP052V;AC40T;2220;830;1920;247;3.54
EP053V;AC20T;2220;840;1115;169.9;2.08
EP055;FCDT8;1980;1160;1450;272.5;3.33
EP210V;VAEMS252;1120;610;1000;169;0.68
EP211V;ARSV25;890;850;570;106.5;0.43
EP212V;ASRBV05;780;710;700;56;0.39
EP213V;ASRBSV25;870;720;830;82.4;0.52
EP214V;CLPSV39;670;820;840;88;0.46
EP215V;MPSV35;1280;620;760;101;0.6
EP218V;VBPS12;830;480;780;47;0.31
EP220V;MPSV50NR ;1280;760;730;109;0.71
EP222V;MTV15;1190;710;660;59;0.56
EP223V;VMPS80;860;450;510;27;0.2
EQ061;EMCH;330;530;910;56;0.16
EQ063;E2PD1;320;820;580;34;0.15
EQ065V;E2PD2;330;820;590;34;0.16
EQ067V;FFV20;1850;1000;590;112.9;1.09
EQ068V;E6FCD3;340;1550;930;116;0.49
EQ069V;EI6F;320;1160;930;85;0.35
EQ070V;MI4;370;1300;1340;101;0.64
EQ071V;E3PD1;320;1160;580;45;0.22
EQ072;BRFP;700;780;860;52.6;0.47
EQ072V;E4D2;320;850;950;68;0.26
EQ073;FIE PT INOX;540;650;880;22.4;0.31
EQ073V;EI4;310;850;940;49;0.25
EQ074;FIM PT INOX;510;660;880;29.7;0.3
EQ074V;E3PD2;320;1160;580;45;0.22
EQ075V;FIE PT VIDRO;540;650;880;22.4;0.31
EQ076V;FIM PT VIDRO;510;660;880;29.7;0.3
EQ077V;E74D2;340;1150;930;68;0.36
EQ082;M6D;380;1700;1270;137;0.82
EQ083V;FIRDI110 INFERIOR;690;1280;1100;147.7;0.97
EQ084V;SGF2;1800;1100;560;98;1.11
EQ085;SGF3;1800;1100;580;112.6;1.15
EQ085V;FIRDS110 SUPERIOR;900;1300;1100;150.1;1.29
EQ086V;FIRDI110 INF GN;690;1280;1100;147.7;0.97
EQ087;M6FD;380;1750;1270;139;0.84
EQ087V;FIRDS110 SUP GN;900;1300;1100;150.1;1.29
EQ088;VAP4;330;860;940;48.4;0.27
EQ090V;F50P;750;650;610;22.7;0.3
EQ091V;C100;320;1100;640;58.7;0.23
EQ093V;MI8;370;2600;1340;156;1.29
EQ094V;CG90;420;1000;860;98;0.36
EQ097V;CGGT120;425;1340;910;145;0.52
EQ098V;E76D3;330;1250;980;72;0.4
EQ099V;FIRIV90 C/INFRA;700;1170;760;94.3;0.62
EQ101V;E1PD;330;730;580;29;0.14
EQ102V;E2P;340;820;580;34;0.16
EQ103V;VAP3P;320;1150;590;40.6;0.22
EQ104V;M1PD;350;750;900;42;0.24
EQ105V;M2PD2;350;1200;760;56;0.32
EQ106V;MAP1P;350;900;770;33.7;0.24
EQ107V;MAP2P;340;1200;770;56;0.31
EQ108V;MAP3P;360;1700;780;77;0.48
EQ109V;FIRIV110 C/INFRA;720;1350;1100;156;1.07
EQ123;BR6B GAS;880;1340;910;70.3;1.07
EQ124;SFAO4;560;420;540;16.9;0.13
EQ126;E6D3;320;1150;950;85.8;0.35
EQ183V;FEI90;680;820;1600;77;0.89
EQ184V;FERI90;690;1080;820;78.9;0.61
EQ185V;FEI110 ;680;1140;1230;132;0.95
EQ187V;FERI60;690;700;800;61.4;0.39
EQ189V;FERI80 ;700;970;690;75;0.47
EQ256;E4FD2;320;860;930;46.6;0.26
EQ280;SFAO5;1000;430;540;20.9;0.23
EQ280VN;SFAO6;1000;430;540;22.6;0.23
EQ281V;SFAOG30 ;1230;440;880;42;0.48
EQ282V;SFAO5;1000;430;540;20.9;0.23
EQ338V;FIR110;680;1270;1100;147;0.95
EQ356;VAP1P;330;740;580;26.4;0.14
EQ369V;FERI110;700;1270;1140;148;1.01
EQ372V;FCDB12E;1310;1180;960;217.4;1.48
EQ373V;FCDB6G;1010;1180;920;191.6;1.1
EQ374V;FCDB3E;610;780;940;80.5;0.45
EQ424V;VAP6;330;1150;930;60;0.35
EQ431V;BR4BF;880;910;900;83.9;0.72
EQ432V;BR4B;880;920;900;56.4;0.73
EQ483V;FDB6M;400;980;820;64;0.32
EQ484V;VAP2P;320;820;580;31;0.15
EQ547V;FA6P;220;980;760;64;0.16
EQ680V;FIR60;690;740;710;61;0.36
EQ681V;FIR90;690;1080;770;89.6;0.57
EQ785V;MFG50;840;580;660;50.18;0.32
EQ786V;MFG150;1270;1000;740;118;0.94
EQ787V;MFG75;1260;660;710;83;0.59
EQ821V;CFC-FCDB;830;1060;740;48.8;0.65
EQ833V;CFC-DB03;1100;620;620;54;0.42
EQ898V;MAP4;360;1200;1230;101;0.53
EQ900V;BR2B GAS;260;850;420;21.2;0.09
EQ901V;BR2BF GAS;260;850;420;21.2;0.09
IC001V;CK2AF;370;2280;1170;115;0.99
IC002V;CK18AF;370;1970;1090;104;0.79
BB006R;BAG200LINOX110X;1480;1450;860;90;1.85
BB008R;BAG100LINOX220V;1480;850;860;69;1.08
BB009R;BAG200LINOX220V;1480;1450;860;90;1.85
BB127R;BAG100LINOX110V;1480;850;860;69;1.08
EP082R;APC100;2420;1140;700;130;1.93
EP083R;APNC2000 220V;2100;2160;800;172;3.63
EP084R;ACPP1250;2200;1400;1050;130;3.23
EP088R;ASTPP 2000 110V;2370;2160;750;220;3.84
IC076R;CSSTP100220V;1430;1160;1050;116;1.74
IC087R;CSSTP200220V;1430;2160;1050;226;3.24
IC097 R;CQSTP100220V;1430;1160;1050;124;1.74
IC101R;CPSTP100220V;1350;1160;1050;91;1.64
IC103R;CQSTP200220V;1430;2160;1050;210;3.24
IC104R;MCI1900220VS/GANCH;2300;1800;1200;270;4.97
IC121 R;COTE2050;800;2150;1150;132;1.98
IC125R;FLSE12CX;196;110;55;82;1.19
IC126R;FLCE12CX220V;790;2050;1130;100;1.83
IC127R;FLCE12CX110V;790;2050;1130;100;1.83
IC136R;GC4PCG 220V;2100;1380;810;141;2.35
IC147 R;CSTPI;1000;1660;1050;163;1.74
IC150R;VPS200;1340;2160;810;133;2.34
IC152R;EAT200VCS110V;1680;2160;1150;210;4.17
IC154R;EAT200VCS220V;1680;2160;1150;210;4.17
IC167R;COTE1500;800;1810;1150;137;1.67
IC181R;VPE600220V;1340;760;810;70;0.82
IC196R;VPE600110V;1340;760;810;70;0.82
IC202 R;COP2050;800;2150;1150;133;1.98
IC208 R;FCSE135024CX;810;2150;1100;132;1.92
IC209 R;FC1X1;330;1160;1160;42;0.44
IC211 R;VPS150;1340;1660;810;114;1.8
IC217 R;CCSTG100220V;1200;1160;1090;87;1.52
IC219 R;VPS120;1340;1360;810;92;1.48
IC220 R;VPS100;1340;1160;810;82;1.26
IC226 R;FCSE135032CX;810;2600;1100;180;2.32
IC228 R;FC2700;1300;2950;1700;200;6.52
IC229 R;FLCE20CX;790;3260;1130;150;2.91
IC229R;ASSTFL300PBE110V;2200;3160;770;317;5.35
IC230 R;FLCE16CX;790;2710;1130;129;2.42
IC235R;VPCX800;1340;960;810;71;1.04
IC237R;PTA600220V;2200;900;950;133;1.88
IC271R;MCI4000220VC/GANCH;2620;2400;1380;400;8.68
IC493R;BSR1500 220V;1100;1660;900;119;1.64
IC494R;BSR2000 220V;1100;2160;900;139;2.14
IC495R;GC6PP 220V;2100;1960;810;210;3.33
IC496R;GC4PP 110V;2100;1260;710;149;1.88
IC497R;GC4PP 220V;2100;1260;710;149;1.88
IC498R;GC2PP 220V;2100;830;810;122;1.41
IC499R;GC2PP 110V;2100;830;810;122;1.41
IC500R;ASTPCFL2500 220V;2200;2660;770;310;4.51
IC501R;GC6PP 110V;2100;1960;810;210;3.33
IC502R;EAEX200VCS220V;1800;2170;1500;188;5.86
IC503R;BRCF8 220V;1100;1800;1000;222;1.98
IC925R;BRLQF8220V;1600;1800;950;202;2.74
IC926R;BRLQF12 220V;1600;2450;950;248;3.72
IC928R;BRLQ8220V;1100;1800;950;130;1.88
IC966R;CPBR;920;1160;1000;136;1.07
IC967R;CPTBR;920;1160;1000;117;1.07
IC983R;BRCQ12220V;110;245;100;233;2.7
IC990R;BPT100;1000;1160;1150;62;1.33
IC992R;VPS180;1340;1960;810;125;2.13
IC994R;VSSC100220V;950;1160;750;67;0.83
LB005R;VCCG600S220V;2300;900;900;139;1.86
LB047 R;VCCG600V110V;2300;900;900;165;1.86
LB079R;VCCG600S110V;2300;900;900;139;1.86
LB097R;VCCG600V220V;2300;900;900;165;1.86
LB210R;VCCG1300V220V;2300;1600;950;295;3.5
LB213R;VCM1300220V;2300;1660;950;232;3.63
LB214R;VCCE3P220V;2300;2350;980;340;5.3
LB216R;VCM3P220V;2300;2350;980;346;5.3
EQ167B;BM18PFBIVNR12;62;54;71;53.5;0.24
EQ205B;BM17PFBIVNR12;47;53;65.5;35;0.16
EQ249B;BM19PFBIVNR12;49;58;68;39.6;0.19
EQ262B;BM31BIVNR12;37;22;43;10.5;0.04
EQ441B;BM41 110V;31;22;39;4;0.03
EQ442B;BM47 220V;31;22;39;4;0.03
EQ443B;BM32BIVNR12;83.5;22.5;28.5;11;0.05
EQ445B;BM40BIVNR12;144;49.5;67;34.5;0.48
EQ652;BM07BIVNR12;42;40;43;15.3;0.07
EQ653;BM06BIVNR12;42;40;43;14.8;0.07
EQ654B;BM10BIVNR12;46.5;29.5;59;17.4;0.08
BB157C;RACO-16110V;64;37;63;21;0.15
BB158C;RDACO-26110V;64;65;70;37;0.29
BB159C;RDACO-26220V;64;65;70;37;0.29
BB160C;RACO-26220V;64;37;63;21;0.15
EQ001C;MPED-2220V;18;49;95;32;0.08
EQ002C;MPGD;18;49;95;33;0.08
EQ003 C;FG10;27;63;115;48;0.2
EQ004C;MPGS;21;49;54;18;0.06
EQ013C;CCP1;36;37;77;28;0.1
EQ017 C;SASL GAS;30;43;53;14;0.07
EQ018 C;SACL;30;53;80;21;0.13
EQ019 C;SACE;30;53;80;25;0.13
EQ020 C;SASE1-110V;31;47;53;18;0.08
EQ021C;SASL2-220V;31;47;53;17;0.08
EQ022C;FG04;24;51;54;17;0.07
EQ046 C;FAM5-2220V;52;50;61;15;0.16
EQ048C;FH1B-2220V;36;40;56;7;0.08
EQ049 C;CRPP-1110V;25;39;42;11;0.04
EQ050C;FA28-2220V;100;49;61;21;0.3
EQ066C;FG08;27;63;97;38;0.16
EQ093C;CRPP-2220V;25;39;42;11;0.04
EQ094C;ELEA-B;39;26;37;9;0.04
EQ226 C;CCP2;36;61;78;20;0.17
EQ227C;CCP3;37;79;85;62;0.25
EQ249C;ELAB BIVOLT;31;22;37;6;0.03
EQ253C;FA25-2220V;100;49;61;20;0.3
EQ339C;MPED-1110V;18;49;95;32;0.08
EQ348C;MPES-2220V;18;49;95;18;0.08
EQ372C;TFGC GAS;37;50;54;8;0.1
EQ374C;TFSL-2 220V;25;50;54;7;0.07
EQ376C;SACE2-220V;31;53;89;25;0.15
EQ377C;SCGE-2 220V;31;67;110;37;0.23
EQ395C;CCR1;36;37;77;19;0.1
EQ396C;CCR2;36;61;78;42;0.17
EQ418 C;F1AG;29;28;51;5;0.04
EQ419 C;SSGL-2220V;31;57;66;26;0.12
EQ435C;FH1B-1110V;36;40;56;7;0.08
EQ437C;FH2B-1110V;36;51;62;14;0.11
EQ460C;SASE-2220V;31;47;53;18;0.08
EQ461C;SACL2-220V;31;53;89;24;0.15
EQ462C;SPSE2-220V;31;46;53;26;0.08
EQ471C;CE10-2T220V;37;70;110;71;0.28
EQ472C;CE10-2 220V;31;68;110;58;0.23
EQ729C;CE04-2220V;31;59;63;22;0.12
EQ730C;CE08-2220V;31;68;100;48;0.21
EQ090L;664 220V;11;25;30;3.36;0.01
EQ129;625 220V;41.5;49;49;13.8;0.1
EQ192;793 220V;41.5;49;49;15;0.1
EQ193L;685 GAS;41.5;49;49;12.3;0.1
EQ206;697 220V;41.5;49;49;13.5;0.1
EQ208;696 110V;41.5;49;49;13.5;0.1
EQ316L;648;11;50;33;3.43;0.02
EQ323L;666 220V;11;49.5;31;5.99;0.02
EQ332;890 110V;36;57;49;12.5;0.1
EQ342;891 220V;36;57;49;12.5;0.1
EQ363;766 110V;36;57;49;12.9;0.1
EQ364;767 220V;36;57;49;12.9;0.1
EQ365;792 110V;41.5;49;49;15;0.1
EQ407;624 110V;41.5;49;49;13.8;0.1
EQ475;628 110V;41.5;49;49;15;0.1
EQ476;629 220V;41.5;49;49;15;0.1
EQ548L;676 220V;11;49.5;31;5.1;0.02
EP001;PRP5000STYLE GAS;62;37;21.2;25;0.05
EP016P;PRMQ15 BIVOLT;113;64;55;37;0.4
EP017P;PRMQ22/1 BIVOLT;116;66;68;43;0.52
EP018P;PRMQ15/1 BIV NR;113;64;55;37;0.4
EP019P;PRMQ40/1 BIV NR;130;90;70;88;0.82
EP201;PRP8000 220V;195;115;150;309;3.36
EQ035P;PRR051 BIVOLT;28;65;67.5;50;0.12
EQ054 P;PRPE770 220V;161;90;91;50;1.32
EQ084;PR623N BIVOLT;175;111.5;55;94.9;1.07
EQ086P;PR631N BIVOLT;155;111.5;55;82.3;0.95
EQ220P;PR14E 220V;86;70;70;10;0.42
EQ491;PRP242G4 BIVOLT;175;74;91;133;1.18
EQ492;PR2000BPG;116;95;64;40;0.71
EQ493;PR3000BPAT 220V;116;76;64;30;0.56
EQ494P;PR3000E 220V;113;168;47;119;0.89
EQ496;PR3000BPG GAS;116;105;64;40;0.78
EQ501P;PR700GN;67;24;45;13;0.07
EQ520P;PR310E 110V;27;34;42;5;0.04
EQ523PR;PR70E 110V;25;47;54;9;0.06
EQ558P;PRP482G4 BIVOLT;199;97.5;110;189;2.13
EQ570P;PRK06 110V;19;25;47;10;0.02
EQ571P;PRK06 220V;19;25;47;10;0.02
EQ740P;PR350GN GAS;116;95;64;40;0.71
IC002PR;PRB08 220V;26;73.5;163;36.4;0.31
IC003PR;PRBF50GELOX;15.2;43.2;154.7;21.5;0.1
IC004PR;PRB06 110V;26;73.5;129;27.2;0.25
IC005PR;PRBF40;18;45;118;15;0.1
IC006PR;PRB08 110V;26;73.5;163;36.4;0.31
IC234C;VCLP130;114;134;50;59;0.76
IC238C;BCLP100;114;96;65;62;0.71
IC290C;BRC122220V;114;123;675;85;9.46
IC292C;BRC180110V;114;178;675;125;13.7
IC293C;BRC180220V;114;178;675;125;13.7
IC296C;BRC122220V;114;123;675;85;9.46
IC297C;VTRD122220V;114;123;675;103;9.46
IC298C;VTRD180110V;114;178;675;142;13.7
IC299C;VTRD180220V;114;178;675;142;13.7
IC300C;VTRD180110V;114;178;675;142;13.7
IC301C;BRE200220V;106;196;62.5;132;1.3
IC520C;VSLP180;114;176;65;104;1.3
IC521C;VSLP122;114;121;65;71;0.9
IC530C;VTRD122220V;114;123;675;103;9.46
IC531C;VTRD180110V;114;178;675;142;13.7
IC532C;VTRD180220V;114;178;675;142;13.7
IC534C;VTRD122110V;114;123;675;103;9.46
IC535C;BRC180110V;114;178;675;125;13.7
IC536C;BRC180220V;114;178;675;125;13.7
EP052F;CFF40E220V;225;190;82;208;3.51
EP054F;RF120 INOX 220V;225;82;95;208;1.75
EP060F;RF114220V;225;75;95;150;1.6
EP061F;RF114-60X80 220V;225;75;95;150;1.6
EP062F;RF114-40X80 220V;225;75;95;150;1.6
EP063F;RF118 INOX 220V;225;75;95;150;1.6
IC126 F;RF029220V;215;312;72;360;4.83
IC129F;RF-038 220V;112;198;75;130;1.66
IC130F;RF034220V;112;158;75;102;1.33
IC131F;RF042220V;112;258;75;173;2.17
IC132F;RF038220V;112;198;75;130;1.66
IC133F;EF003 220V;215;92;90;137;1.78
IC241F;RF056220V;235;212;98;230;4.88
IC242F;RF054220V;235;168;98;190;3.87
IC243F;RF058220V;235;260;98;270;5.99
IC251F;RF046220V;112;298;75;215;2.5
IC252F;RF041220V;138;198;75;158;2.05
EP099B;BP12NR12BI;47.6;62.4;81;50;0.24
EP101B;ALI25 BIVOLT;87.5;68.5;44;61;0.26
EP104B;FB12BINR12;130.5;55;88;82;0.63
EP105B;DVB-30N;95.5;55.5;43;50;0.23
EP110B;AR25220VNR12;73;69.5;91;143;0.46
EP218B;MP02BIV;90;31;46;19;0.13
EQ631B;FC01;50;22;24.5;3.6;0.03
EQ632B;RQ01110V;40.5;25.5;47.4;18;0.05
EQ633B;RQ01220V;40.5;25.5;47.4;18;0.05
EQ634B;BMP150110V;69;57;37;22.5;0.15
EQ635B;FLB180;22;27;35.5;5.5;0.02
EQ992B;9497 DES-60 BIV;24;68;86;27;0.14
IC172 C;CHECK OUT 185 MDF;20;;;;
EQ191I;10C 220V;60;60;170;31;0.61
EQ192I;10C 220V APOIO;60;60;170;31;0.61
EQ193I;6C 110V;60;60;140;27;0.5
EQ194;8C 220V INOX;60;60;160;29;0.58
EQ194I;6C INOX 220V;60;60;140;27;0.5
EQ195 I;10C 220V;60;60;170;31;0.61
EQ196 I;10C SALADA;22.5;60;170;31;0.61
EQ196I;8C 110V INOX;60;60;160;29;0.58
EQ197I;8C 110V CHEF;60;60;160;29;0.58
EQ198I;6C CINZA 220V;60;60;140;27;0.5
EQ199I;4C 220V;60;60;120;25;0.43
EQ200I;6C INOX 110V IBET;60;60;140;27;0.5
EQ202I;GN1/16Q/3FINOX220V;60;80;160;30;0.77
EQ203I;GN1/16Q/3FCINZA110;60;80;160;30;0.77
EQ217I;8C CINZA 220V;60;60;160;29;0.58
EQ246;8C 110V IBET;60;80;160;29;0.77
EQ247I;8C 110V C/PROT VID;60;60;160;29;0.58
EQ248I;12C 110V C/PROT VI;60;60;190;33;0.68
EQ255 I;6C 110V SALADA;60;60;140;27;0.5
EQ392I;4C 220V;60;60;120;25;0.43
EQ412I;8CDUPLO110V;60;80;160;30;0.77
EQ413I;8C 110V;60;60;160;29;0.58
EQ414I;8C 220V;60;60;160;29;0.58
EQ416I;8C CINZA 110V;60;60;160;29;0.58
EQ417I;12C 220V;60;60;190;33;0.68
EQ418I;10C 110V;60;60;170;31;0.61
EQ561I;4C 110V T.INOX;60;60;120;25;0.43
EQ562I;4C 220V T.INOX;60;60;120;25;0.43
EQ563I;6C 220V;60;60;140;27;0.5
EQ002 T;W3B110V;37;38;50;8;0.07
EQ003T;W6B110V;37;38;96;14;0.14
EQ004 T;W4B110V;37;38;66;10;0.09
EQ007 T;W5B110V;37;38;81;11;0.11
EQ009T;W6BD220V;47;38;50;10.5;0.09
EQ010T;28912B110V;95;50;69;32;0.33
EQ011T;263G 110V;94;50;51.5;26;0.24
EQ012T;W6BD110V;47;38;50;10.5;0.09
EQ015T;W10BD110V;47;38;81;15;0.15
EQ016T;W12BD110V;47;38;96;20;0.17
EQ017T;W12BD220V;47;38;96;20;0.17
EQ018T;ACL5844B 110V;41;40;67.5;8.7;0.11
EQ019T;ACL5844B 220V;41;40;67.5;8.7;0.11
EQ033T;W3B220V;37;38;50;8;0.07
EQ040T;W4B220V;37;38;66;10;0.09
EQ041T;W8BD110V;47;38;66;14;0.12
EQ042T;W8BD220V;47;38;66;14;0.12
EQ051T;266SS110V;75;50;69;28;0.26
EQ059T;2668B110V;75;50;69;28;0.26
EQ064T;2668B220V;75;50;69;28;0.26
EQ083;266SS220V;75;50;69;28;0.26
EQ101T;2869B110V;94;50;51.5;28;0.24
EQ105T;2869BSS110V;94;50;51.5;28;0.24
EQ296T;FGE3220V;54;53;65;27;0.19
EQ299T;FGE4220V;61;54;69;30;0.23
EQ318 T;AML6BD220V;51;50;86;26;0.22
EQ319 T;AML6BD110V;51;50;86;26;0.22
EQ321 T;AML8BD110V;51;50;1.13;34;0
EQ323T;AML8BD220V;51;50;1.13;34;0
EQ344T;AMLD705220V;51;50;112.5;52;0.29
EQ398T;W5B220V;37;38;81;11;0.11
EQ478T;276SD9B220V;94;50;51.5;28;0.24
EQ479T;274SD6B110V;75;50;50;24;0.19
EQ480T;276SD6B110V;94;50;51.5;28;0.24
EQ559T;AMLD704110V;51;50;86;40.3;0.22
EQ870T;2646B110V;75;50;50;24;0.19
EQ871T;263G3BSS220V;94;50;51.5;26;0.24
EQ873T;2646BSS110V;75;50;50;24;0.19
EQ874T;2646BSS220V;75;50;50;24;0.19
EQ875T;2646B220V;75;50;50;24;0.19
EQ884T;28912BSS110V;95;50;69;32;0.33
EQ885T;28912BSS220V;95;50;69;32;0.33
EQ891T;28912B220V;95;50;69;32;0.33
EQ205W;301 ANODIZADO;60;75;63;58;0.28
EQ207W;310MANUAL220V;60;75;63;58;0.28
EQ035 M;CHAPA 30X30;0;0;0;0;0
EQ326 M;CHAPA 40X90;0;0;0;0;0
EQ228M;M17 10BC40X40 P6.5;0;0;0;0;0
EQ329M;M25 10BC40X40 P6.5;0;0;0;0;0
EQ325 M;M21 10BC40X40 P6.5;0;0;0;0;0
EQ356M;M1 1BC30X30 P5;0;0;0;0;0
EQ060;M6 2BC30X30 P5;0;0;0;0;0
EQ172 M;M10 2BC30X30 P5;0;0;0;0;0
EQ063 M;M6 2BC30X30 P5;0;0;0;0;0
EQ144;M6 4BC40X40 P6.5;0;0;0;0;0
EQ174 M;M07 3BC30X30 P5;0;0;0;0;0
EQ427;M11 3BC40X40 P6.5;0;0;0;0;0
EQ426;M7 3BC40X40 P6.5;0;0;0;0;0
EQ131 M;M18 4BC30X30 P5;0;0;0;0;0
EQ067M;M18 4BC30X30 P6.5;0;0;0;0;0
EQ069 M;M14 4BC30X30 P6.5;0;0;0;0;0
EQ069;M8 4BC30X30 P6.5;0;0;0;0;0
EQ482M;M8 4B40X40 P9;0;0;0;0;0
EQ328 M;M18 4BC40X40 P9;0;0;0;0;0
EQ058 M;M14 4BC40X40 P9;0;0;0;0;0
EQ068 M;M18 4BC40X40 P6.5;0;0;0;0;0
EQ898M;M14 4BC40X40 P6.5;0;0;0;0;0
EQ479M;M14 4BC40X40 P6.5;0;0;0;0;0
EQ099M;M14 4BC40X40 P6.5;0;0;0;0;0
EQ254M;M14 4BC40X40 P6.5;0;0;0;0;0
EQ391M;M14 4BC40X40 P6.5;0;0;0;0;0
EQ059M;M14 4BC40X40 P9;0;0;0;0;0
EQ380M;M8 4BC50X50 P9;0;0;0;0;0
EQ134 M;M22 4BC30X30 P5;0;0;0;0;0
EQ225M;M15 6BC30X30 P5;0;0;0;0;0
EQ071M;M19 6BC30X30 P5;0;0;0;0;0
EQ297 M;M30 6BC30X30 P6.5;0;0;0;0;0
EQ083 M;M19 6BC30X30 P6.5;0;0;0;0;0
EQ539M;M30 6BC30X30 P6.5;0;0;0;0;0
EQ094M;M23 6BC40X40 P9;0;0;0;0;0
EQ123 M;M15 6BC40X40 P6.5;0;0;0;0;0
EQ098M;M15 6BC40X40 P6.5;0;0;0;0;0
EQ135 M;M23 6BC40X40 P6.5;0;0;0;0;0
EQ893M;M23 6BC40X40 P6.5;0;0;0;0;0
EQ137 M;M15 6BC40X40 P6.5;0;0;0;0;0
EQ379M;M23 6BC40X40 P6.5;0;0;0;0;0
EQ347 M;M23 6BC40X40 P9;0;0;0;0;0
EQ373M;M15 6BC40X40 P9;0;0;0;0;0
EQ207M;M15 6BC50X50 P9;0;0;0;0;0
EQ557M;M20 8BC30X30 P6.5;0;0;0;0;0
EQ252 M;M20 8BC30X30 P6.5;0;0;0;0;0
EQ274 M;M16 8BC30X30 P6.5;0;0;0;0;0
EQ481M;M20 8BC30X30 P6.5;0;0;0;0;0
EQ224 M;M16 8BC40X40 P9;0;0;0;0;0
EQ171M;M20 8BC40X40 P9;0;0;0;0;0
EQ499M;M16 8BC40X40 P6.5;0;0;0;0;0
EQ170 M;M20 8BC40X40 P6.5;0;0;0;0;0
EQ227 M;M16 8BC40X40 P6.5;0;0;0;0;0
EQ138 M;M28 8BC40X40 P6.5;0;0;0;0;0
EQ350M;SL8 80X50 ELET;0;0;0;0;0
EQ892M;SL6 60X50 ELET;0;0;0;0;0
EQ259M;2CAM 90X70X14X14;0;0;0;0;0
EQ260M;2CAM 70X50X20X20;0;0;0;0;0
EQ251M;2CAM 90X70X20X20;0;0;0;0;0
EQ075 M;FN 50X50;0;0;0;0;0
EQ074 M;FN 60X60;0;0;0;0;0
EQ357M;SL8 80X50 GAS;0;0;0;0;0
EQ080M;FN 90X90 INOX;0;0;0;0;0
EQ359;FN 80X60 INOX;0;0;0;0;0
EP003G;FTE8220VTRIF;198;120;166;230;3.94
EP009G;FTG10 GAS;205;120;166;250;4.08
EP022G;FTG5 GAS;110;121.4;158;210;2.11
EP023G;FTE5;110;121.4;158;190;2.11
EP024G;FFI400;50.6;75.2;111.2;42;0.42
EP116G;ML400SL;150;69;128.5;240;1.33
EP117 G;BP05SL 1/3;54.5;35;59;45;0.11
EP119G;MES40;150;69;128.5;240;1.33
EP126G;MES25MONO;107.5;52.5;106.5;148;0.6
EP133G;MES25;107.5;52.5;106.5;148;0.6
EP140G;MBI05;76.5;72;86;40;0.47
EP143G;MBI25;96.2;83;85;86;0.68
EP149G;MBI05;76.5;72;86;40;0.47
EP150G;MR15;93.1;65.2;82;97;0.5
EP151G;CSPE390BIV;152;85;105;124;1.36
EP152G;MR25220;100;79;96;106;0.76
EP155G;CSI390;75;94;79;68;0.56
EP156G;MR50;114.5;83.5;115.5;148;1.1
EP157G;BP12SL;66;41.5;79.5;58;0.22
EP158G;CSE300;73;64;74;63;0.35
EP159G;BP30SL;140;59;92;130;0.76
EP160G;CSPE390;152;85;105;124;1.36
EP201G;FTG8 GAS;198;120;166;240;3.94
EP202G;MBI25;96.2;83;85;86;0.68
EQ192G;BTE10SLBRPTIV;201;75;54;85;0.81
EQ194G;BTE8SLBRPTII;168;75;54;75;0.68
EQ195G;BTE6SLBRPTII;140;75;54;65;0.57
EQ224G;FG48CD;93.6;204.8;126.1;140;2.42
EQ225G;FGI48EM;93.6;204.8;126.1;133;2.42
EQ255G;BTX6SLBRAIII;140;75;54;65;0.57
EQ256G;BTX10SLBRPTIV;201;75;54;85;0.81
EQ257G;BTX6SLBRPTII;140;75;54;65;0.57
EQ258G;BTX6SLAIPTIV;140;75;54;65;0.57
EQ270G;FG46EM;93.6;158.6;119.5;110;1.77
EQ413G;BTX8SLBRPTIV;168;75;54;75;0.68
EQ480G;ARV150 BIV;212;116;125;230;3.07
EQ481G;ARV110 BIV;176;116;125;198;2.55
EQ509G;FG42LM;93.6;112.4;73;58;0.77
EQ513G;FG44EM;93.6;112.4;126.2;73;1.33
EQ514G;FGI44EM;93.6;112.4;126.2;73;1.33
EQ515G;FGI44ED;93.6;112.4;126.2;73;1.33
EQ516G;FG46CM;93.6;158.6;126.1;112;1.87
EQ517G;FG46CD;93.6;158.6;126.2;120;1.87
EQ518G;FGI46CD;93.6;158.6;126.2;120;1.87
EQ537G;FG33LM;94;125.5;59.8;42;0.71
EQ560G;BTX6SLBRPTIV;140;75;54;65;0.57
EQ567G;BTE8SLBRPTIV;168;75;54;75;0.68
EQ568G;BTE8SL AIPTIV;168;75;54;75;0.68
EQ569G;BTE8SL AIPTIV;168;75;54;75;0.68
EQ570G;AF30NEW;185;65;130;120;1.56
EP002K;1321 220V;88;36;208;108;0.66
IC003K;0429.1 220V;151;98;210;197;3.11
IC004K;0423.11 220V;176;112;211;300;4.16
IC005K;0450.13 220V;231;90;210;262;4.37
IC006K;0905.5 110V;143;85;210;180;2.55
IC007K;0905.5 220V;143;85;210;180;2.55
IC008K;0904.1 110V;143;85;160;152;1.94
IC009K;0904.1 220V;143;85;160;152;1.94
IC014K;0914.1 220V;143;85;160;132;1.94
IC015K;0915.6 220V;143;85;160;132;1.94
IC016K;0919.1 220V;143;85;100;88;1.22
IC017K;0164 220V;225;91;163;235;3.34
IC019K;0207.5 220V;216;215;135;312;6.27
IC020K;0205 220V;216;215;135;312;6.27
IC021K;2384 220V;143;115;234;150;3.85
IC022K;2381 220V;165;115;173;130;3.28
IC024K;0165 220V;225;91;230;287;4.71
IC026K;0914.1 110V;143;85;160;132;1.94
IC027K;0915.6 110V;143;85;160;132;1.94
IC030K;0804 220V;135;75;160;146;1.62
IC031K;0918.5 220V;143;85;100;88;1.22
IC032K;0177 220V;202;75;160;163;2.42
IC034K;0224 110V;225;91;310;355;6.35
IC035K;825;135;75;100;98;1.01
IC036K;0800 110V;135;75;130;120;1.32
IC037K;0800 220V;135;75;130;120;1.32
IC039K;0404.1 220V;143;90;211;205;2.72
IC040K;0501.1 110V;222;72;182;163;2.91
IC041K;0501.1 220V;222;72;182;163;2.91
IC042K;0502.1 110V;222;72;235;197;3.76
IC043K;0166 110V;225;91;310;355;6.35
IC044K;0166 220V;225;91;310;355;6.35
IC045K;2380 220V;143;115;173;120;2.84
IC046K;0810 110V;135;75;160;146;1.62
IC047K;0820 110V;135;75;130;102;1.32
IC048K;0107.2 220V;204;72;190;238;2.79
IC049K;0107.2 110V;204;72;190;238;2.79
IC050K;0103.2 110V;204;72;133;175;1.95
IC051K;0103.2 220V;204;72;133;175;1.95
IC052K;0503.1 220V;222;72;291;242;4.65
IC053K;0437 220V;176;112;311;307;6.13
IC054K;0463.1 220V;143;90;305;286;3.93
IC055K;178;202;75;232;223;3.51
IC056K;0224 220V;225;91;310;355;6.35
IC058K;0432.1;151;98;310;287;4.59
IC059K;0546.1;106;88;210;145;1.96
IC060K;0461.2 220V;143;90;211;198;2.72
IC061K;0456.1 220V;143;90;305;286;3.93
IC063K;0179 220V;202;75;90;112;1.36
IC065K;0454.1 220V;143;90;211;198;2.72
EQ157T;PRIX5 WIFI P50022;30.5;57.5;57.5;15.5;0.1
EQ159T;9094 9094314;14;39.5;37.5;4;0.02
EQ164T;2099 2099013;17.3;50.6;95.1;14.6;0.08
EQ165T;2099 2099012;16.2;44;86;11.3;0.06
EQ166T;9094 9094420;14;39.5;37.5;4;0.02
EQ390T;8217LP 8217021;44.2;45.2;18.8;11.2;0.04
EQ409T;PRIX4 UNO  P400112;29;48.5;48.5;14.5;0.07
EQ410T;PRIX4 UNO  P400122;29;48.5;48.5;14.5;0.07
EQ411T;PRIX4DUEWIFI;57.5;57.5;30.5;18;0.1
EQ472T;PRIX3 PLUS P300014;14;39.5;37.5;4;0.02
EQ473T;9300G 220V;60;70;73;64;0.31
EQ474T;PRIX3 FIT P300100;13;34;39;3.2;0.02
EQ303;12905;15.5;49;69.5;8.5;0.05
EQ303RB;1437;13;47;50;5;0.03
EQ304;311;21.5;31.5;49;6.38;0.03
EQ304RB;892;21.5;31;49;6.98;0.03
EQ305;12907;16;59;69;10.58;0.07
EQ305RB;1872;25;35;37;16;0.03
EQ306;12906;15.5;49;69.5;7.86;0.05
EQ307;5928;28;51;58.5;25.08;0.08
EQ307R;12902;15.5;49.5;69;7.69;0.05
EQ308;12901;15.5;49;69.5;8.5;0.05
EQ308RB;1357;21.5;31;49;6.98;0.03
EQ309;3139;21.5;31;39.5;5.44;0.03
EQ310RB;3220;11;22;46;3.8;0.01
EQ311RB;3218;11;22;36.5;2.55;0.01
EQ355;312;21.5;32;70;7.98;0.05
EQ360;5929;28;51;58.5;25.08;0.08
EQ401;3222;11;22;36.5;3.31;0.01
EQ405;1869;21.5;31;49;6.98;0.03
EQ415R;5931;28;51;58.5;25.08;0.08
EQ508R;12903;16;59.5;69.5;10.48;0.07
EQ523RB;3223;11;22;46;3.8;0.01
EQ650RB;3865;21.5;31.5;39.5;5.71;0.03
EQ651R;1866;11;22;36.5;3.31;0.01
EQ651RB;1787;21.5;31;49;6.02;0.03
EQ652RB;3676;21.5;31;49;6.02;0.03
EQ760;2544;96;32.5;45;12;0.14
EQ998RB;2790;21.5;31.5;39.5;5.71;0.03
EQ151R;DP50 33X28;29;45;66;5.5;0.09
EQ153R;DP300 50X50;53;53;15;12;0.04
EQ154R;9003;20;21;21;1.2;0.01
EQ155R;9005;20;21;21;1.2;0.01
IC430I;CT60;490;600;465;12.4;0.14
IC431I;CT130;590;870;555;21.95;0.28
IC432I;CT30;420;500;400;8.55;0.08
EQ034MV;LAR 2 110V;37;21;36;4.6;0.03
EQ036MV;LAR 4 110V;38;25;44;6;0.04
EQ047MV;LAR 1.5 110V;37;21;36;3.3;0.03
EQ048MV;LAR 1.5 220V;37;21;36;3.3;0.03
EQ052MV;LAR 2 220V;37;21;36;4.6;0.03
EQ054MV;LAR 4 220V;38;25;44;6;0.04
EQ055MV;LQL4 BIV;38;25;44;10.1;0.04
EQ056MV;LQL6 BIV;47;26;44;10.7;0.05
EQ057MV;LQL8 BIV;47;26;44;10.8;0.05
EQ058MV;LQL10 BIV;58;24;43;11;0.06
EQ059MV;LQL15 BIV;98;45;64;27.5;0.28
EQ060MV;LQL25 BIV;116;45;64;28.5;0.33
EQ061MV;BMK 110V;51;19;23;5.1;0.02
EQ062MV;BMK 220V;51;19;23;5.1;0.02
EQ064MV;MPA 1/3CV BIV;57;45;62;32.5;0.16
EQ070MV;CUT 4L BIV;63;25;27;14;0.04
EQ072MV;RDA BIV;56;33;53;24;0.1
EQ073MV;ESL BIV;40;24;40;5.3;0.04
EQ074MV;ESPMAX BIV;40;24;40;8.5;0.04
EQ075MV;MP200 BIV;75;33;28;14;0.07
EQ076MV;DPC30;151;47;74;70;0.53
EQ107MV;PCL 22 BIV;41;38;70;46;0.11
EQ205MV;CFE300 220V;41;48;57;25.5;0.11
EQ313MV;PAC BIV;54;25;45;25;0.06
EQ314MV;EL-10;35;38;94;30;0.13
EQ315MV;SFMP218 BIV;161;74;79;83;0.94
EQ316MV;SFMI 218 BIV;161;74;79;83;0.94
EQ319MV;MPAM1/2CVBIV C/NR;57;45;62;37;0.16
EQ320MV;MPAMBIV S/NR;57;45;62;37;0.16
EQ348MV;SFGP282 BIV;178;91;101;115;1.64
EQ374MV;DB10 BIV;94;52;68;49;0.33
EQ375MV;DA6BIV;78;45;60;27;0.21
EQ378MV;TFE6 110V;62;25;60;5.9;0.09
EQ379MV;TFE6 220V;62;25;60;5.9;0.09
EQ380MV;TFG6 GAS;32;50;60;6.8;0.1
EQ439MV;FIE20L220V;102;49;54;17.6;0.27
EQ993B;BL60 110V;100;20;39;10;0.08
EQ994B;BL60 220V;100;20;39;10;0.08
EQ995B;BL45 110V;63;18;38;8;0.04
EQ996B;BL45 220V;63;18;38;8;0.04
EQ997B;BL30 110V;63;18;38;8;0.04
EQ998B;BL30 220V;63;18;38;8;0.04
UT001BL;PORTA COPO AGUA;54.5;25;20;3.8;0.03
UT002BL;PORTA COPO CAFE;42;32;31;3.94;0.04
UT003BL;PORTA CANUDO BRANC;41;31;19;3.96;0.02
UT004BL;PORTA GUARDANAPO;38.5;26;16;4.2;0.02
UT005BL;PORTA GUARDANAPO;38.5;26;16;4.2;0.02
UT006BL;PORTA HIGIENICO;29.6;29.6;16;1.1;0.01
UT007BL;PORTA INTERFOLHA;26;16;21;1;0.01
EQ513U;UR10000150S/C;14;48;84;12;0.06
IC030;6004;125;135;75;83.5;1.27
IC031;6203;0;0;0;0;0
IC032;3011;125;190;75;115;1.78
IC055;3010;125;190;75;116;1.78
IC061;6204;125;135;75;86;1.27
IC062;6005;125;135;75;83.5;1.27
IC063P;6201;125;90;75;66;0.84
IC256P;6011;125;195;75;120;1.83
IC260P;5205 220V;125;135;75;91;1.27
IC262P;5202 110V;125;95;75;72;0.89
IC263P;5202 220V;125;95;75;72;0.89
IC402P;2202;220;151;70;190;2.33
IC403P;1002;150;151;83;141;1.88
IC404P;1202;140;151;84;147.5;1.78
IC405P;6206;0;0;0;0;0
IC407P;5008;125;160;75;102;1.5
IC408P;5005;125;135;75;88.5;1.27
IC409P;6008;125;160;75;100;1.5
IC411P;5008;125;160;75;102;1.5
IC413P;3005;125;135;75; 89.2 ;1.27
IC414P;3005-2 ;125;135;75; 89.2 ;1.27
IC415P;3005;125;135;75; 89.2 ;1.27
IC418P;3008-2 ;125;160;75;101;1.5
IC421P;2208;220;301;70;321;4.64
IC422P;2208;220;301;70;321;4.64
IC423P;2204;220;201;70;252;3.1
IC424P;2204;220;201;70;252;3.1
IC427P;3011-2 ;125;190;75;115;1.78
IC428P;3011-2 ;125;190;75;115;1.78
IC439P;4005;220;190;71;315;2.97
IC440P;4005;220;190;71;315;2.97
IC441P;1108;0;0;0;0;0
IC442P;3104;125;195;72;117.5;1.76
IC443P;1205;140;201;84;173;2.36
IC446P;2401;200;64;68;103;0.87
IC447P;7002;120;180;110;188;2.38
IC448P;3011;125;190;75;115;1.78
IC449P;4103;101;210;65.5;170;1.39
IC450P;4003;220;140;71;214;2.19
IC451P;4003;220;140;71;214;2.19
IC452P;3008-2 ;125;160;75;101;1.5
IC453P;5005;125;135;75;88.5;1.27
IC454P;3005-2 ;125;135;75; 89.2 ;1.27
IC455P;3008;125;160;75;101;1.5
IC456P;3008;125;160;75;101;1.5
IC457P;7203;205;220;95;275;4.28
IC458P;7003;205;160;70;166;2.3
IC459P;3013;125;210;75;125;1.97
IC460P;7005;205;200;70;210;2.87
IC461P;1005;150;201;83;163;2.5
IC462P;1205;140;201;84;173;2.36
LB429P;2407;205;112;77;165;1.77
LB430P;2401;200;64;68;103;0.87
EQ580A;PA-SP INM;36.5;43;43;8;0.07
EQ581A;PA-IQ INM;38.5;50;50;10;0.1
EQ582A;PA-PR INM;38.5;50;50;9;0.1
EQ585A;PK-06P110V INM;24;39;47;14;0.04
EQ586A;PK-06P220V INM;24;39;47;14;0.04
EQ589A;PK-06G220V INM;24;55;33;18;0.04
EQ590A;PK-12P110V INM;18;24;46;8;0.02
EQ591A;PK-12P220V INM;18;24;46;8;0.02
EQ600A;MC-01;62;35;22;11;0.05
EQ601A;RC-01;43;11;35;1.5;0.02
EQ216C;6131 30X30 P7 AP;0;0;0;0;0
EQ215C;6133 30X30 P7 BP;0;0;0;0;0
EQ211C;9139 40X40 P9 AP;0;0;0;0;0
EQ210C;9832 40X40 P9 BP;0;0;0;0;0
EQ202C;5234 30X30P5;0;0;0;0;0
EQ212C;6231 30X30 P7 AP;0;0;0;0;0
EQ206C;6236 30X30P7;0;0;0;0;0
EQ250C;17236 30X30 P7 BP;0;0;0;0;0
EQ205C;6234 30X30P7;0;0;0;0;0
EQ214C;9739 40X40 P9 AP;0;0;0;0;0
EQ213C;9834 40X40 P9 BP;0;0;0;0;0
EQ246C;9838 40X40 P9 BP;0;0;0;0;0
EQ218C;6331 30X30 P7 AP;0;0;0;0;0
EQ217C;6334 30X30 P7 BP;0;0;0;0;0
EQ251C;17336 30X30 P7 BP;0;0;0;0;0
EQ208C;9339 40X40P9;0;0;0;0;0
EQ219C;9932 40X40 P9 BP;0;0;0;0;0
EQ207C;5531 30X30;0;0;0;0;0
EQ204C;5434 30X30P5;0;0;0;0;0
EQ221C;6431 30X30 P7 AP;0;0;0;0;0
EQ232C;6531 30X30;0;0;0;0;0
EQ200C;6434 30X30P7;0;0;0;0;0
EQ220C;6444 30X30 P7 BP;0;0;0;0;0
EQ256C;17434 30X30 BP;0;0;0;0;0
EQ225C;9539 40X40 P9 AP;0;0;0;0;0
EQ224C;9934 40X40 P9 BP;0;0;0;0;0
EQ230C;6631 30X30 P7 AP;0;0;0;0;0
EQ233C;6830 30X30 P7 BP;0;0;0;0;0
EQ229C;6830 30X30 P7 BP;0;0;0;0;0
EQ226C;6634 30X30 P7 BP;0;0;0;0;0
EQ236C;17634 30X30 P7 BP;0;0;0;0;0
EQ231C;9639 40X40 P9 AP;0;0;0;0;0
EQ252C;10639 40X40 AP;0;0;0;0;0
EQ235C;9949 40X40 P9 BP;0;0;0;0;0
EQ234C;9938 40X40 P9 BP;0;0;0;0;0
EQ255C;5831 30X30 AP;0;0;0;0;0
EQ254C;5840 30X30 BP;0;0;0;0;0
EQ244C;9998 40X40 P9 BP;0;0;0;0;0
EQ300C;9839 40X40 P9;0;0;0;0;0
EQ237C;10700 30X30 INOX;0;0;0;0;0
EQ245C;5655 30X30 INOX;0;0;0;0;0
EQ209C;5705 30X30 INOX;0;0;0;0;0
EQ243C;5615 30X30 VIDRO;0;0;0;0;0
EQ201C;5715 30X30 VIDRO;0;0;0;0;0
EQ241C;5805 40X40 INOX;0;0;0;0;0
EQ257C;5815 40X40 VIDRO;0;0;0;0;0
EQ238C;4060 40X60;0;0;0;0;0
EQ239C;6080 80X60;0;0;0;0;0
EQ240C;9595 95X95;0;0;0;0;0
EQ851;7529;0;0;0;0;0
EQ414O;VFRS1900 110V;37;198;36;65;0.26
EQ542O;VFRS1300 220V;37;138;36;45;0.18
EQ543O;VFR1300 220V;37;138;36;45;0.18
EQ544O;VFR1300 110V;37;138;36;45;0.18
EQ436K;FKGAI120S220V;1640;940;800;102;1.23
EQ750K;FKELS-3220V;600;800;900;70;0.43
EQ751K;FKELS-4220V;540;1100;1100;108;0.65
EQ752K;FKGE-2;600;800;900;70;0.43
EQ753K;FKGE-3;540;1100;1100;108;0.65
EQ754K;FKELS-3110V;600;800;900;70;0.43
EQ473;FG30INOX 110V;164.5;114;55;100;1.03
EQ474;FG30INOX 220V;164.5;114;55;100;1.03
EQ475A;MMX BIV;47;45;36;45;0.08
EP058M;BA1600/600;100;1610;640;24;0.1
EQ023M;CBG450C;280;600;550;28;0.09
EQ024M;CBG600C;280;600;720;30;0.12
EQ025M;CBG800C;280;670;930;36;0.17
EQ026M;CBG1000C;300;670;1130;40;0.23
EQ027M;CBG1200C;300;670;1340;78;0.27
EQ028M;FRCG03;280;350;470;4.7;0.05
EQ256M;GFAO30P 220V;915;455;505;17;0.21
EQ258M;TFAO40CG 220V;1005;560;560;17;0.32
EQ617M;CBE1500L 220V;300;670;1660;107;0.33
EQ618M;CBE1200L 220V;300;670;1340;78;0.27
EP706A;CLD 300 BIV;67;52;64.5;48;0.22
EQ595A;RLD 150 BIV;50;51;58;15.5;0.15
EQ596A;RLM 120 BIV;32;17;33;7.6;0.02
EQ625A;MCF55 2.0 BIV;31;27;32;7.9;0.03
EQ628A;MCR08 3.0 127V;32;27;35;11.12;0.03
EQ629A;MCRX08 3.0 127V;32;27;35;11.12;0.03
EQ630A;MCR08 3.0 220V;32;27;35;11.12;0.03
EQ663A;170S 3.0 127V;32;33;37;10.75;0.04
EQ706A;FTD 178MC 3.0 127V;32;33;37;10.75;0.04
EQ775A;MTU08 2.0 BIV;32;31;45;13.3;0.04
EQ776A;FTD 250 NS;40;56;46;31;0.1
EQ921A;CPA;100;60;180;80;1.08
EQ922A;CC2;102;60;170;30;1.04
EQ923A;CHU1;83;53;180;48;0.79
EQ924A;C311;122;62;150;50;1.13
EQ925A;CH3;121;62;85;40;0.64
EQ926A;CMVA;100;70;90;30;0.63
EQ928A;CBF1;145;60;150;50;1.31
EQ929A;CH1G;77;55;85;20;0.36
EQ934A;CHU1.2;83;53;180;50;0.79
EQ937A;CAB 1;110;51;85;35;0.48
EQ938A;BPCP1;200;45;12;30;0.11
EQ939A;BPCP2;230;45;12;40;0.12
EQ543;SF400 PILHA;5;19;26;0.42;0
EQ243CO;1203;34;32;20;3.09;0.02
EQ278CO;1204;34;32;20;3.09;0.02
EQ314CO;1250;35;32;20;7.13;0.02
EQ315CO;1205;41;40;22;4.54;0.04
EQ316CO;1251;41;40;22;7.6;0.04
EQ350CO;1206;41;40;22;4.54;0.04
EQ544CO;702;19;37;19;4;0.01
EQ545CO;703;23;43;23;6;0.02
EQ546CO;707;19;37;19;4;0.01
EQ550CO;210;24;17;12;0.9;0
EQ551CO;220;38;21;19;2.25;0.02
EQ552CO;230;38;21;19;3.3;0.02
IC271F;ICED1163 110V 2LN;1005;3170;1015;;3.23
IC272F;ICED1163 220V 2LN;1005;3170;1015;;3.23
IC274F;ICED568 220V;1005;2082;950;130;1.99
IC275F;ACFM1450 220V;2250;1920;782;231;3.38
IC278F;ICED1163 220V;1005;3170;1015;;3.23
LB012F;HCED503C110V;960;1580;710;73;1.08
LB013F;HCEB503V110V;930;1620;755;74;1.14
LB014F;HCEB503V220V;930;1620;755;74;1.14
LB016F;HCED503C220V;960;1580;710;73;1.08
LB027F;VCED569C110V;2070;700;845;101;1.22
LB028F;VCED569C220V;2070;700;845;101;1.22
LB030F;VCFM501V110V;1880;700;845;108;1.11
LB031F;VCFM501V220V;1880;700;845;108;1.11
LB032F;VCFM565V220V;2070;700;845;114;1.22
LB045F;VCFM565V110V;2070;700;845;114;1.22
LB106F;HCED411C110V;960;1340;710;66;0.91
LB107F;HCED411C220V;960;1340;710;66;0.91
LB108F;HCED216C110V;960;830;715;47;0.57
LB109F;HCED216C220V;960;830;715;47;0.57
LB148F;HCEB216V110V;930;840;777;48;0.61
LB149F;HCEB216V220V;930;840;777;48;0.61
LB150F;HCEB311V110V;930;1125;777;58;0.81
LB152F;HCEB411V110V;930;1380;762;66;0.98
LB153F;HCEB411V220V;930;1380;762;66;0.98
LB155F;HCEB311V220V;930;1125;777;58;0.81
LB156F;HCED311C110V;960;1080;720;55;0.75
LB157F;HCED311C220V;960;1080;720;55;0.75
LB175F;VCFC565V110V;2070;700;845;122;1.22
LB176F;VCFC565V220V;2070;700;845;122;1.22
LB177F;VCFC565C110V;2070;700;845;108;1.22
LB178F;VCFC565C220V;2070;700;845;108;1.22
LB182F;VCED565V110V;2070;840;845;121;1.47
LB183F;VCED565V220V;2070;840;845;121;1.47
LB185F;VCFB565V110V;2070;840;845;121;1.47
LB186F;VCFB565V220V;2070;840;845;121;1.47
LB187F;VCFC284C110V;1865;557;690;78;0.72
LB188F;VCFC284C220V;1865;557;690;78;0.72
LB189F;VCFC284V110V;1865;557;690;81;0.72
LB190F;VCFC284V220V;1865;557;690;81;0.72
LB191F;VCFC431C110V;2060;7000;690;96;9.95
LB192F;VCFC431C220V;2060;7000;690;96;9.95
LB193F;VCFC431V110V;2060;700;690;96;0.99
LB194F;VCFC431V220V;2060;700;690;96;0.99
LB195F;VCFM402V110V;1890;700;845;99;1.12
LB196F;VCFM402V220V;1890;700;845;99;1.12
LB197F;VCFC284PCV110V;1865;557;690;78;0.72
LB198F;VCFC284PCV220V;1865;557;690;78;0.72
EQ932N;E-30 110V;0;0;0;0;0
EQ933N;E-30 220V;0;0;0;0;0
EQ934N;E-40 110V;0;0;0;0;0
EQ935N;E-40 220V;0;0;0;0;0
EQ936N;E-50 110V;0;0;0;0;0
EQ937N;E-50 220V;0;0;0;0;0
EQ938N;NEW610;0;0;0;0;0
EQ940N;NEW520;0;0;0;0;0
EQ941N;NEW510;0;0;0;0;0
IC002K;KRES-6PD220V;197;76;200.5;154;3
IC130K;KRBR-4PD220V;138;76;200.5;116;2.1
IC136K;KRBR-4PD110V;138;76;200.5;116;2.1
IC143K;KRES-6PD110V;197;76;200.5;154;3
IC144K;KBSP-250P220V;258;65;87;125;1.46
IC145K;KBSP-250P220V;258;65;87;125;1.46
IC117S;PIA140X60GN50X40;90;60;140;23;
IC135S;S152 190X70X85;85;70;190;27;
IC136S;S154 190X70X85;85;70;190;29;
IC137S;S152 190X70X85;85;70;190;27;
IC139S;S167 40X30X60;63;33;43;9;
IC140S;PIA200X70S/GN60;85;70;200;30;
IC141S;PIA240X70S/2GN60;85;70;200;39;
EQ786A;ESTRUTURA P/FORNO;0;0;0;0;0
UT006L;0051 FRIGIDEIRA;0;0;0;0;0
UT007L;0034 CACAROLA;0;0;0;0;0
UT008L;0033 CACAROLA;0;0;0;0;0
UT009L;0027 CALDEIRAO;0;0;0;0;0
UT010L;0026 CALDEIRAO;0;0;0;0;0
EQ800A;CARRO 70 LTS;0;0;0;0;0
EQ801A;CARRO 90 LTS;0;0;0;0;0
EQ802A;CARRO 120 LTS;0;0;0;0;0
EQ803A;CARRO 130 LTS;0;0;0;0;0
EQ804A;CESTA PLASTICA;0;0;0;0;0
EQ805A;CESTINHA ARAMADA;0;0;0;0;0
EQ685E;FOGAREIRO 2B ESP C;0;0;0;0;0
EQ610R;501014 PASTEL 22;0;0;0;0;0
EQ621R;501663;0;0;0;0;0
EQ622R;501005;0;0;0;0;0
EQ623R;500225 TACHO 26;0;0;0;0;0
EQ624R;500223 TACHO 20;0;0;0;0;0
IC261SA;CHECK OUT 200 C/ K;0;0;0;0;0
IC580SA;PA90;0;0;0;0;0
EQ210F;1519-5713 BIV;12.5;62;52;7.65;0.04
EQ212F;1642-6985 BIV;12.5;73;50;9.4;0.05
EQ213F;8969-12334 110V;38.5;61.6;54.4;13.3;0.13
EQ214F;8969-12335 220V;38.5;61.6;54.4;13.3;0.13
EQ215F;9741-17855 110V;38.5;61.6;54.4;15.6;0.13
EQ216F;9741-13188 220V;38.5;61.6;54.4;15.6;0.13
EQ217F;4513-9419 110V;9.5;29.5;65.2;2.79;0.02
EQ219F;5561-15517 110V;20;49.5;53.5;6.09;0.05
EQ223F;15214-16701 110V;20.2;32.4;21;2;0.01
EQ227F;15212-16699 110V;12.6;28.2;28.2;1.9;0.01
EQ229F;15200-16607 110V;26.8;13.2;12.2;1.07;0
EQ230F;15218-16705 110V;22;28.5;16.6;1.9;0.01
EQ232F;9741-17875 220V;38.5;61.6;54.4;15.6;0.13
EQ233F;9741-13187 110V;38.5;61.6;54.4;15.6;0.13
EQ234F;7727-11478 BIV;13.5;34.5;54.5;5.05;0.03
UT001M;GX0004;0;0;0;0;0
UT002M;GX0005;0;0;0;0;0
UT003M;GX0006;0;0;0;0;0
UT004M;GX0012;0;0;0;0;0
UT005M;GX0013;0;0;0;0;0
UT006M;GX0014;0;0;0;0;0
UT007M;GX0021;0;0;0;0;0
UT008M;GX0022;0;0;0;0;0
UT009M;GX0026;0;0;0;0;0
UT010M;GX0027;0;0;0;0;0
UT011M;GX0029;0;0;0;0;0
UT012M;GX0031;0;0;0;0;0
UT013M;GX0032;0;0;0;0;0
UT014M;GX0033;0;0;0;0;0
UT015M;GX0040;0;0;0;0;0
UT016M;GX0048;0;0;0;0;0
UT017M;GX0049;0;0;0;0;0
UT018M;GX0050;0;0;0;0;0
UT019M;GX0080;0;0;0;0;0
UT020M;GX0061;0;0;0;0;0
UT021M;GX0053;0;0;0;0;0
UT022M;GX0054;0;0;0;0;0
UT023M;GX0055;0;0;0;0;0
UT024M;GX0056;0;0;0;0;0
UT025M;GX0057;0;0;0;0;0
UT026M;GX0058;0;0;0;0;0
UT027M;GX0059;0;0;0;0;0
UT028M;GX0068;0;0;0;0;0
UT029M;GX0069;0;0;0;0;0
UT030M;GX0077;0;0;0;0;0
UT031M;GX0081;0;0;0;0;0
UT032M;GX0082;0;0;0;0;0
UT033M;GX0105;0;0;0;0;0
UT034M;GX0106;0;0;0;0;0
UT035M;GX0112;0;0;0;0;0
UT036M;GX0114;0;0;0;0;0
UT037M;GX0115;0;0;0;0;0
UT038M;GX0116;0;0;0;0;0
UT039M;GX0126;0;0;0;0;0
UT040M;GX0127;0;0;0;0;0
UT041M;GX0129;0;0;0;0;0
UT042M;GX0137;0;0;0;0;0
UT043M;GX0200;0;0;0;0;0
UT044M;GX0201;0;0;0;0;0
UT045M;GX0202;0;0;0;0;0
UT046M;GX0203;0;0;0;0;0
UT047M;GX0204;0;0;0;0;0
UT048M;GX0207;0;0;0;0;0
UT049M;GX0208;0;0;0;0;0
UT050M;GX0209;0;0;0;0;0
UT051M;GX0210;0;0;0;0;0
UT052M;GX0211;0;0;0;0;0
UT053M;GX0212;0;0;0;0;0
UT054M;GX0213;0;0;0;0;0
UT055M;GX0215;0;0;0;0;0
UT056M;GX0216;0;0;0;0;0
UT057M;GX0222;0;0;0;0;0
UT058M;GX9006;0;0;0;0;0
UT059M;GX9007;0;0;0;0;0
UT060M;GX9008;0;0;0;0;0
UT061M;GX9009;0;0;0;0;0
UT062M;GX9010;0;0;0;0;0
UT063M;GX9025;0;0;0;0;0
UT064M;GX9026;0;0;0;0;0
UT065M;GX9032;0;0;0;0;0
UT066M;GX9034;0;0;0;0;0
UT067M;GX9035;0;0;0;0;0
UT068M;GX9038;0;0;0;0;0
UT069M;GX9039;0;0;0;0;0
UT070M;GX9043;0;0;0;0;0.07
UT071M;GX9044;0;0;0;0;0
UT072M;GX9045;0;0;0;0;0
UT073M;GX9046;0;0;0;0;0
UT074M;GX9047;0;0;0;0;0
UT075M;GX9048;0;0;0;0;0
UT076M;GX9049;0;0;0;0;0
UT077M;GX9051;0;0;0;0;0
UT078M;GX9052;0;0;0;0;0
UT079M;GX9053;0;0;0;0;0
UT080M;GX9099;0;0;0;0;0
UT082M;GX0305;0;0;0;0;0
UT083M;GX0469;0;0;0;0;0
UT084M;TP6500;0;0;0;0;0
UT085M;TP6501;0;0;0;0;0
UT086M;TP6504;0;0;0;0;0
UT087M;TP6505;0;0;0;0;0
UT088M;TP6506;0;0;0;0;0
UT089M;TP6507;0;0;0;0;0
UT090M;TP6512;0;0;0;0;0
UT091M;TP6513;0;0;0;0;0
UT092M;TP6519;0;0;0;0;0
UT093M;TP6520;0;0;0;0;0
UT094M;TP6521;0;0;0;0;0
UT095M;GX8003;0;0;0;0;0
UT096M;GX8004;0;0;0;0;0
UT101M;GX8018;0;0;0;0;0
UT103M;GX8032;0;0;0;0;0
UT104M;GX1010;0;0;0;0;0
UT105M;GX1020;0;0;0;0;0
UT106M;GX1030;0;0;0;0;0
UT107M;GX1040;0;0;0;0;0
UT108M;GX1050;0;0;0;0;0
UT109M;GX1060;0;0;0;0;0
UT110M;GX1070;0;0;0;0;0
UT111M;GX1180;0;0;0;0;0
UT112M;GX4010;0;0;0;0;0
UT113M;GX4020;0;0;0;0;0
UT114M;GX4030;0;0;0;0;0
UT115M;GX4040;0;0;0;0;0
UT116M;GX4050;0;0;0;0;0
UT117M;GX4060;0;0;0;0;0
UT118M;GX4070;0;0;0;0;0
UT119M;GX4080;0;0;0;0;0
UT120M;GX4180;0;0;0;0;0
UT121M;GX4099;0;0;0;0;0
UT122M;GX0406;0;0;0;0;0
UT123M;GX0407;0;0;0;0;0
UT124M;GX0456;0;0;0;0;0
UT125M;GX0009;0;0;0;0;0
UT126M;GX0008;0;0;0;0;0
UT127M;GX0147;0;0;0;0;0
UT128M;GX6020;0;0;0;0;0
UT129M;GX6180;0;0;0;0;0
UT130M;GX8118;0;0;0;0;0
UT131M;GX8108;0;0;0;0;0
UT132M;GX8010;0;0;0;0;0
UT133M;GX8008;0;0;0;0;0
UT134M;GX8006;0;0;0;0;0
UT135M;GX0035;0;0;0;0;0
UT136M;GX0036;0;0;0;0;0
UT137M;GX8005;0;0;0;0;0
UT138M;GX0416;0;0;0;0;0
UT139M;GX0418;0;0;0;0;0
UT140M;GX0422;0;0;0;0;0
UT141M;GX2010;0;0;0;0;0
UT142M;GX2020;0;0;0;0;0
UT143M;GX2030;0;0;0;0;0
UT144M;GX2330;0;0;0;0;0
UT145M;GX2040;0;0;0;0;0
UT146M;GX2050;0;0;0;0;0
UT147M;GX2060;0;0;0;0;0
UT148M;GX2070;0;0;0;0;0
UT149M;GX2080;0;0;0;0;0
UT150M;GX0134;0;0;0;0;0
UT151M;GX0135;0;0;0;0;0
UT152M;GX0093;0;0;0;0;0
UT153M;GX0132;0;0;0;0;0
UT154M;GX0042;0;0;0;0;0
UT155M;GX0136;0;0;0;0;0
UT156M;GX4095;0;0;0;0;0
UT157M;GX4098;0;0;0;0;0
UT158M;GX6010;0;0;0;0;0
UT159M;GX5338;0;0;0;0;0
UT160M;GX5377;0;0;0;0;0
UT161M;GX5370;0;0;0;0;0
UT162M;GX0411;0;0;0;0;0
UT163M;GX0010;0;0;0;0;0
UT164M;GX5324;0;0;0;0;0
UT165M;GX8058;0;0;0;0;0
UT166M;GX0436;0;0;0;0;0
UT167M;GX9037;0;0;0;0;0
UT168M;GX0038;0;0;0;0;0
UT169M;GX0455;0;0;0;0;0
UT170M;GX0437;0;0;0;0;0
UT171M;GX0441;0;0;0;0;0
UT172M;GX0464;0;0;0;0;0
UT173M;GX0191;0;0;0;0;0
UT174M;GX0103;0;0;0;0;0
UT175M;GX7010;0;0;0;0;0
UT176M;GX7020;0;0;0;0;0
UT177M;GX7030;0;0;0;0;0
UT178M;GX7040;0;0;0;0;0
UT179M;GX7050;0;0;0;0;0
UT180M;GX7060;0;0;0;0;0
UT181M;GX7070;0;0;0;0;0
UT182M;GX7180;0;0;0;0;0
UT183M;GX0228;0;0;0;0;0
UT184M;GX0229;0;0;0;0;0
UT185M;GX0231;0;0;0;0;0
UT186M;GX8109;0;0;0;0;0
UT187M;GX0226;0;0;0;0;0
UT188M;GX0227;0;0;0;0;0
UT189M;GX0045;0;0;0;0;0
UT190M;GX0242;0;0;0;0;0
UT191M;GX0243;0;0;0;0;0
UT192M;GX0240;0;0;0;0;0
UT193M;GX0239;0;0;0;0;0
UT194M;GX0230;0;0;0;0;0
UT195M;GX0232;0;0;0;0;0
UT196M;GX8211;0;0;0;0;0
UT197M;GX5343;0;0;0;0;0
UT198M;GX5378;0;0;0;0;0
UT199M;GX5379;0;0;0;0;0
UT200M;GX5376;0;0;0;0;0
UT201M;GX5308;0;0;0;0;0
UT202M;GX5358;0;0;0;0;0
UT203M;GX5359;0;0;0;0;0
UT204M;GX5360;0;0;0;0;0
UT205M;GX0120;0;0;0;0;0
UT206M;GX2180;0;0;0;0;0
UT207M;GX2092;0;0;0;0;0
UT208M;GX2093;0;0;0;0;0
UT209M;GX2095;0;0;0;0;0
UT210M;GX2094;0;0;0;0;0
UT211M;GX0402;0;0;0;0;0
UT212M;GX8205;0;0;0;0;0
UT213M;GX6030;0;0;0;0;0
UT214M;GX6040;0;0;0;0;0
UT215M;GX6050;0;0;0;0;0
UT216M;GX6060;0;0;0;0;0
UT217M;GX6070;0;0;0;0;0
UT218M;GX6080;0;0;0;0;0
UT219M;GX8210;0;0;0;0;0
UT220M;GX0463;0;0;0;0;0
UT221M;GX0121;0;0;0;0;0
UT222M;GX8222;0;0;0;0;0
UT223M;GX0304;0;0;0;0;0
UT224M;GX0091;0;0;0;0;0
UT225M;GX0092;0;0;0;0;0
UT226M;GX0094;0;0;0;0;0
UT227M;GX0095;0;0;0;0;0
UT228M;TP6525;0;0;0;0;0
UT229M;GX0408;0;0;0;0;0
UT230M;GX0443;0;0;0;0;0
UT231M;GX2096;0;0;0;0;0
UT232M;GX0224;0;0;0;0;0
UT233M;GX8106;0;0;0;0;0
UT234M;GX0247;0;0;0;0;0
UT235M;GX0248;0;0;0;0;0
UT236M;TP6517;0;0;0;0;0
UT237M;TP6518;0;0;0;0;0
UT238M;GX8028;0;0;0;0;0
UT239M;GX3010;0;0;0;0;0
UT240M;GX3040;0;0;0;0;0
UT241M;GX3180;0;0;0;0;0
UT242M;GX3020;0;0;0;0;0
UT243M;GX3050;0;0;0;0;0
UT244M;GX0447;0;0;0;0;0
UT245M;GX0465;0;0;0;0;0
EQ830CT;C31B;0;0;0;0;0
UT125H;TACA CERVEJA;0;0;0;0;0
EQ100B;FBI-25 220V;93;60;52;6;0.29
EQ101B;DBL-10 BIV;90;60;50;30;0.27
EQ104B;SBS-40 1.0CV BIV;175;86;86;102;1.29
EQ105B;MBI-22 1.0CV BIV;51;38;55;45;0.11
UT009WN;197;0;0;0;0;0
UT015WN;68;0;0;0;0;0
UT016WN;69;0;0;0;0;0
UT018WN;204;0;0;0;0;0
UT019WN;202;0;0;0;0;0
EQ001M;CH130GSC GAS;0;0;0;0;0
UT001IS;174;0;0;0;0;0
UT002IS;175;0;0;0;0;0
UT003IS;178;0;0;0;0;0
UT004IS;181;0;0;0;0;0
UT005IS;5L;0;0;0;0;0
UT006IS;13L;0;0;0;0;0
UT007IS;17L;0;0;0;0;0
UT008IS;28L;0;0;0;0;0
UT009IS;30L;0;0;0;0;0
UT010IS;36L;0;0;0;0;0
UT011IS;45L;0;0;0;0;0
UT012IS;60L;0;0;0;0;0
UT013IS;70L;0;0;0;0;0
UT014IS;80L;0;0;0;0;0
UT015IS;100L;0;0;0;0;0
UT016IS;120L;0;0;0;0;0
UT017IS;170L;0;0;0;0;0
UT018IS;SUP LATA EPS;0;0;0;0;0
UT019IS;PORTA GARRAFA 0.6L;0;0;0;0;0
UT020IS;PORTA GARRAFA 1L;0;0;0;0;0
EP163FC;CM300220V;0;0;0;40;0.17
EQ400FC;GLI-200110V;0;0;0;96;0.23
EQ100J;CHURRASQUEIRA POL;0;0;0;0;0
UT001E;398;19;21;37;1.37;0.01
UT002E;306;23;24;39;2.09;0.02
UT003E;386;26;28;42;2.62;0.03
UT004E;905;39;29;40;5.79;0.05
UT005E;906;39;32;40;6.4;0.05
UT006E;907;39;36;40;6.95;0.06
UT007E;853;18;28;43;2.35;0.02
UT008E;902;21;19;45;1.22;0.02
UT011E;908;20;13;45;0.96;0.01
UT012E;918;22;28;43;2.61;0.03
UT013E;444;4.5;32;44;1.28;0.01
UT014E;522;5.5;28;37;0.58;0.01
UT015E;6;5;20;33;0.24;0
UT016E;8;5;28;41;0.41;0.01
UT017E;394;7;28;41;0.41;0.01
UT018E;396;7;37;50;0.74;0.01
UT019E;4;5.5;30;30;0.32;0
UT020E;5;6;35;35;0.42;0.01
UT021E;178;23;24.5;37;1.05;0.02
UT023E;395;7;32;45;0.62;0.01
UT024E;9;5;32;45;0.47;0.01
UT025E;852;5;37;50;0.5;0.01
UT026E;685;6;43;58;1.13;0.01
UT027E;686;6;46.5;66.7;1.42;0.02
UT028E;687;6.3;48.8;73.6;1.66;0.02
UT029E;688;3.5;43.3;58;0.97;0.01
UT030E;689;3.5;47;67;1.21;0.01
UT031E;690;3.6;49;73.7;1.4;0.01
UT032E;920;28;32;43;3.22;0.04
UT033E;919;26;28;43;2.92;0.03
UT034E;926;43;38;55;7.58;0.09
UT035E;941;7;28;41;0.41;0.01
UT036E;942;7;32;45;0.62;0.01
UT037E;943;7;37;50;0.74;0.01
UT038E;139;6.5;22;22;0.21;0
UT039E;140;6.5;24;24;0.25;0
UT040E;278;7.5;26;26;0.3;0.01
UT041E;135;15;22;22;0.67;0.01
UT042E;131;7.5;18;18;0.14;0
UT043E;391;6.5;21;21;0.16;0
UT044E;132;6.7;22;22;0.21;0
UT045E;392;6.7;25.5;25.5;0.24;0
UT055E;282;14;16;16;0.26;0
UT056E;300;14;35;35;0.99;0.02
UT057E;670;15;41.5;41.5;1.33;0.03
UT058E;671;18.5;51.5;51.5;2.14;0.05
UT059E;461;6;13;32.3;0.24;0
UT060E;136;6;12.5;29;0.18;0
UT001MF;2.60101E+12;0;0;0;0;0
UT002MF;2.60101E+12;0;0;0;0;0
UT003MF;2.60101E+12;0;0;0;0;0
UT004MF;2.60101E+12;0;0;0;0;0
UT005MF;2.60101E+12;0;0;0;0;0
UT006MF;2.60101E+12;0;0;0;0;0
UT007MF;1002 PP BCO;0;0;0;0;0
UT008MF;1.20E+12;0;0;0;0;0
UT009MF;1010 PP BCO;0;0;0;0;0
UT010MF;1018 PP BCO;0;0;0;0;0
UT011MF;1035 PP BCO;0;0;0;0;0
UT012MF;2022 PP AZ/COL;0;0;0;0;0
UT013MF;1072 PP AZ/COL;0;0;0;0;0
UT014MF;3.90101E+12;0;0;0;0;0
UT015MF;1010 PP BCO;0;0;0;0;0
UT016MF;1018 PP BCO;0;0;0;0;0
UT017MF;1013/1035 PP BCO;0;0;0;0;0
UT018MF;1008 PP BCO;0;0;0;0;0
UT019MF;1039 PP MARROM;0;0;0;0;0
UT001K;104 45CM;0;0;0;0;0
UT002K;106 60CM;0;0;0;0;0
UT003K;206 80CM;0;0;0;0;0
UT004K;763 1X30X50CM;0;0;0;0;0
UT005K;743 1X30X50CM;0;0;0;0;0
UT006K;783 1X30X50CM;0;0;0;0;0
UT007K;723 1X30X50CM;0;0;0;0;0
UT008K;703 1X30X50CM;0;0;0;0;0
UT009K;605 1X30X50CM;0;0;0;0;0
UT010K;510 MACICO;0;0;0;0;0
UT011K;403 MACICO;0;0;0;0;0
UT012K;213 120MT;0;0;0;0;0
UT013K;212 1.00MT;0;0;0;0;0
UT014K;211 80CM;0;0;0;0;0
UT015K;210 60CM;0;0;0;0;0
UT016K;209 50CM;0;0;0;0;0
UT017K;680 200X10MM;0;0;0;0;0
UT018K;682 300X10MM;0;0;0;0;0
UT020K;571 KIT CAIPIRINHA;0;0;0;0;0
UT021K;574 SUPORTE PLACA;0;0;0;0;0
UT022K;560 DESCAMADOR;0;0;0;0;0
UT023K;501 SOCADOR;0;0;0;0;0
UT027K;693 1.5X30X50CM;0;0;0;0;0
UT028K;713 1.5X30X50CM;0;0;0;0;0
UT029K;733 1.5X30X50CM;0;0;0;0;0
UT030K;661 3X30X40CM;0;0;0;0;0
UT031K;626 1.5X30X50CM;0;0;0;0;0
UT032K;753 1.5X30X50CM;0;0;0;0;0
UT033K;402 MACICO;0;0;0;0;0
UT034K;102 35CM;0;0;0;0;0
UT035K;530 10X25CM;0;0;0;0;0
UT036K;576;0;0;0;0;0
UT037K;520 16X27CM;0;0;0;0;0
UT038K;503 SOCADOR;0;0;0;0;0
UT039K;502 SOCADOR;0;0;0;0;0
UT040K;200X100X1CM;0;0;0;0;0
UT003P;156 FORMA GELO;0;0;0;0;0
UT005P;211 CAIXA FREEZ;0;0;0;0;0
UT006P;213 CAIXA FREEZ;0;0;0;0;0
UT008P;349 JARRA GRADU;0;0;0;0;0
UT009P;350 JARRA GRADU;0;0;0;0;0
UT010P;445 BANDEJA MIX;0;0;0;0;0
UT011P;446 BANDEJA MAX;0;0;0;0;0
UT012P;447 BANDEJA MAX;0;0;0;0;0
UT013P;545 CESTO LIXO;0;0;0;0;0
UT014P;789 LAVA ARROZ;0;0;0;0;0
UT015P;2189 CLIC POTE QUA;0;0;0;0;0
UT016P;2276 LIXEIRA PRA;0;0;0;0;0
UT017P;2295 POTE MODULI;0;0;0;0;0
UT018P;2298 POTE MODULI;0;0;0;0;0
UT019P;2299 POTE MODULI;0;0;0;0;0
UT020P;2302 POTE MODULI;0;0;0;0;0
UT021P;2391CESTO LIXO;0;0;0;0;0
UT022P;2500 CLIC POTE MAN;0;0;0;0;0
UT023P;2613 CLIC POTE;0;0;0;0;0
UT024P;2614 CLIC POTE ROS;0;0;0;0;0
UT026P;2875 PORTA CANUD;0;0;0;0;0
UT027P;2907 POTE CLIC;0;0;0;0;0
UT028P;2985 CESTO TELADO;0;0;0;0;0
UT029P;2989 PORTA GUARD;0;0;0;0;0
UT030P;3723 CLIC POTE;0;0;0;0;0
UT031P;3724 CLIC POTE RET;0;0;0;0;0
UT033P;4165 PORTA QUEIJO;0;0;0;0;0
UT034P;4351 POTE DEC 02;0;0;0;0;0
UT036P;4638 PALITEIRO;0;0;0;0;0
UT038P;4646 CLIC POTE ROS;0;0;0;0;0
UT039P;4652 BISNAGA;0;0;0;0;0
UT040P;4746 LIXEIRA;0;0;0;0;0
UT041P;4925 FARINHEIRO/AC;0;0;0;0;0
UT042P;4965 POTE CLIC;0;0;0;0;0
UT043P;5434 RODINHO;0;0;0;0;0
UT044P;5561 POTE DEC 01;0;0;0;0;0
UT045P;5571 POTE DEC;0;0;0;0;0
UT046P;5584 POTE DEC;0;0;0;0;0
UT047P;5667 POTE DEC;0;0;0;0;0
UT048P;2850 CESTINHA EMPI;0;0;0;0;0
UT049P;2460 CLIC POTE RED;0;0;0;0;0
UT050P;498 COLHER;0;0;0;0;0
UT051P;501 CONCHA;0;0;0;0;0
UT052P;499 ESCUMADEIRA;0;0;0;0;0
UT054P;2607 LAVA TUDO;0;0;0;0;0
UT055P;503 PEGADOR MACARR;0;0;0;0;0
UT056P;2904 POTE CLIC TRA;0;0;0;0;0
UT058P;5660 FEIRINHA;0;0;0;0;0
UT059P;5558 POTE DEC 01 R;0;0;0;0;0
UT060P;3860 POTE DEC 02 M;0;0;0;0;0
UT063P;636 CESTO LIXO;0;0;0;0;0
UT064P;2832 CLIC POTE;0;0;0;0;0
UT065P;2834 CLIC POTE;0;0;0;0;0
UT066P;2836 CLIC POTE;0;0;0;0;0
UT067P;2773 CAIXA ORGAN.;0;0;0;0;0
UT068P;4330 LIXEIRA SELET;0;0;0;0;0
UT071P;4491 LIXEIRA SELET;0;0;0;0;0
UT072P;2296 POTE MODULI;0;0;0;0;0
UT073P;2301 POTE MODULI;0;0;0;0;0
UT074P;1666 BANDEJA  APOI;0;0;0;0;0
UT075P;5731 BISNAGA DECOR;0;0;0;0;0
UT077P;5737 MINI BISNAGA;0;0;0;0;0
UT078P;4739 PA COM ALCA;0;0;0;0;0
UT079P;2596 PORTA SAL/PAL;0;0;0;0;0
UT080P;5577 POTE;0;0;0;0;0
UT081P;3849 POTE;0;0;0;0;0
UT082P;3845 POTE;0;0;0;0;0
UT083P;3848 POTE;0;0;0;0;0
UT084P;3855 POTE;0;0;0;0;0
UT085P;3853 POTE;0;0;0;0;0
UT086P;3854 POTE;0;0;0;0;0
UT087P;3843 POTE;0;0;0;0;0
UT088P;4353 POTE;0;0;0;0;0
UT089P;3844 POTE;0;0;0;0;0
UT090P;4354 POTE;0;0;0;0;0
UT091P;2977 RODINHO 13CM;0;0;0;0;0
UT092P;4639 SALEIRO CLIC;0;0;0;0;0
UT093P;4859 SECADOR SALAD;0;0;0;0;0
UT094P;4958 ACUCAREIRO ME;0;0;0;0;0
UT095P;6916 POTE QUAD MIC;0;0;0;0;0
UT096P;6935 POTE QUAD MIN;0;0;0;0;0
UT097P;6287 PORTA MIX CUP;0;0;0;0;0
UT098P;4851 PORTA MIX BRI;0;0;0;0;0
UT099P;6314 POTE VALVULA;0;0;0;0;0
UT001J;0018 12L;0;0;0;0;0
UT004J;0070 POTE 5L;0;0;0;0;0
UT005J;0518 BALDE 7.5L;0;0;0;0;0
UT006J;0523 BACIA 1.5L;0;0;0;0;0
UT007J;0526 BACIA 6.7L;0;0;0;0;0
UT008J;0528 BACIA 15L;0;0;0;0;0
UT010J;0667 ORGAN 13L;0;0;0;0;0
UT011J;0668 ORGAN 25L;0;0;0;0;0
UT012J;0729 BALDE 20L;0;0;0;0;0
UT013J;0734 BALDE 12L;0;0;0;0;0
UT015J;0788 PORTA TALHERE;0;0;0;0;0
UT016J;1395 MOLHEIRA;0;0;0;0;0
UT017J;1402 SALEIRO;0;0;0;0;0
UT018J;1403 PALITEIRO;0;0;0;0;0
UT019J;1562 BANDEJA MULTI;0;0;0;0;0
UT020J;1574 BALDE 13.5L;0;0;0;0;0
UT021J;1637 CAIXA 7L;0;0;0;0;0
UT022J;1666 POTE 3.6L;0;0;0;0;0
UT023J;1786 LIXEIRA 7L;0;0;0;0;0
UT024J;0615 FORMA GELO;0;0;0;0;0
UT025J;620;0;0;0;0;0
UT026J;621;0;0;0;0;0
UT001KR;02663 TRAVESSA MED;0;0;0;0;0
UT002KR;02662 TRAVESSA PEQ;0;0;0;0;0
UT003KR;02660 CUMBUCA GRAN;0;0;0;0;0
UT004KR;02659 CUMBUCA MEDI;0;0;0;0;0
UT005KR;02658 CUMBUCA PEQU;0;0;0;0;0
UT006KR;02654 TRAVESSA MED;0;0;0;0;0
UT007KR;02636 TRAVESSA PEQ;0;0;0;0;0
UT008KR;02645 PORTA SACHE;0;0;0;0;0
UT009KR;02644 PALITEIRO;0;0;0;0;0
UT010KR;02643 SALEIRO;0;0;0;0;0
UT011KR;02642 RAMEKIN GRAN;0;0;0;0;0
UT012KR;02641 RAMEKIN MEDI;0;0;0;0;0
UT013KR;02640 RAMEKIN PEQU;0;0;0;0;0
UT014KR;02606 MANTEIGUEIRA;0;0;0;0;0
UT015KR;02603 CINZEIRO PEQ;0;0;0;0;0
UT016KR;06221CUMBUCA GRAN;0;0;0;0;0
UT017KR;06207 CUMBUCA PEQU;0;0;0;0;0
UT018KR;01020 CUMBUCA TURI;0;0;0;0;0
UT019KR;06101 XICARA CHA;0;0;0;0;0
UT020KR;04105 XICARA CHA;0;0;0;0;0
UT021KR;06300 XICARA CAFE;0;0;0;0;0
UT022KR;05101 XICARA CAFE;0;0;0;0;0
UT023KR;02639 RAMEKIN MINI;0;0;0;0;0
UT001PR;747PT BATEDOR;0;0;0;0;0
UT002PR;748 BOWL 300ML;0;0;0;0;0
UT003PR;749 BOWL 700ML;0;0;0;0;0
UT004PR;752 BOWL 2.6LT;0;0;0;0;0
UT005PR;518 CORTADOR PIZZA;0;0;0;0;0
UT006PR;550 POVILHADOR 350;0;0;0;0;0
UT007PR;531 BOWL 700ML;0;0;0;0;0
UT011PR;031 BAT BOLO;0;0;0;0;0
UT012PR;032 ESPATULA MASSA;0;0;0;0;0
UT013PR;015 CONCHA PROUTIL;0;0;0;0;0
UT014PR;016 ESCUMADEIRA;0;0;0;0;0
UT015PR;017 ESCUMADEIRA;0;0;0;0;0
UT016PR;018 ESPATULA;0;0;0;0;0
UT017PR;026 COLHER;0;0;0;0;0
UT018PR;027 COLHER VAZADA;0;0;0;0;0
UT019PR;033 GARFO GRANDE;0;0;0;0;0
UT020PR;034 PEGADOR;0;0;0;0;0
UT001LG;COPO AMERIC LOGOMA;0;0;0;0;0
UT002BD;COPO MUNICH BRIND;0;0;0;0;0
UT057D;885/23;0;0;0;0;0
UT058D;886/23;0;0;0;0;0
UT059D;884/23;0;0;0;0;0
UT060D;1255;0;0;0;0;0
UT061;1254;0;0;0;0;0
UT062;1992;0;0;0;0;0
UT063;1991;0;0;0;0;0
UT064;1993;0;0;0;0;0
UT065;1273;0;0;0;0;0
UT092D;114940 DECANTER;0;0;0;0;0
UT094D;1483;0;0;0;0;0
UT095D;1472;0;0;0;0;0
UT096D;011040 JARRA 700ML;0;0;0;0;0
UT097D;016050 JARRA 1.2LT;0;0;0;0;0
UT001C;7311 GARRAFA LISA;0;0;0;0;0
UT003C;9728 JARRA INOX;0;0;0;0;0
UT004C;9758 JARRA LISA;0;0;0;0;0
UT005C;8705 RECIPIENT 5LT;0;0;0;0;0
UT002CH;70;0;0;0;0;0
UT003CH;71;0;0;0;0;0
UT004CH;205;0;0;0;0;0
UT005CH;215;0;0;0;0;0
UT018CH;105;0;0;0;0;0
UT019CH;72;0;0;0;0;0
UT020CH;73;0;0;0;0;0
UT021CH;74;0;0;0;0;0
UT022CH;75;0;0;0;0;0
UT023CH;131;0;0;0;0;0
UT024CH;97;0;0;0;0;0
UT025CH;214;0;0;0;0;0
UT026CH;237;0;0;0;0;0
UT027CH;238;0;0;0;0;0
UT001A;108/16A;0;0;0;0;0
UT002A;122/24;0;0;0;0;0
UT003A;512/33;0;0;0;0;0
UT004A;572/30;0;0;0;0;0
UT005A;601/23D;0;0;0;0;0
UT006A;601/23E;0;0;0;0;0
UT007A;601/26D;0;0;0;0;0
UT008A;601/26E;0;0;0;0;0
UT009A;301/10E;0;0;0;0;0
UT010A;306/20ER;0;0;0;0;0
UT011A;901/20;0;0;0;0;0
UT012A;501/16;0;0;0;0;0
UT013A;503/20;0;0;0;0;0
UT014A;504/22;0;0;0;0;0
UT015A;510/ML-D;0;0;0;0;0
UT016A;510/ML-E;0;0;0;0;0
UT017A;631/24;0;0;0;0;0
UT018A;633/24;0;0;0;0;0
UT019A;302/12E;0;0;0;0;0
UT020A;310/22ER;0;0;0;0;0
UT021A;307/24ER;0;0;0;0;0
UT022A;319/16E;0;0;0;0;0
UT023A;308/28ERR;0;0;0;0;0
UT024A;702/55;0;0;0;0;0
UT025A;704/37 5R;0;0;0;0;0
UT026A;509/35;0;0;0;0;0
UT027A;634/30X15;0;0;0;0;0
UT001B;5100/101;0;0;0;0;0
UT001CZ;10303/0008;0;0;0;0;0
UT002B;5100/102;0;0;0;0;0
UT002CZ;10303/0053;0;0;0;0;0
UT003CZ;10210/0008;0;0;0;0;0
UT004B;5100/104;0;0;0;0;0
UT004CZ;10210/0053;0;0;0;0;0
UT005B;5100/105;0;0;0;0;0
UT005CZ;10202/0008;0;0;0;0;0
UT006B;5100/106;0;0;0;0;0
UT006CZ;10202/0053;0;0;0;0;0
UT007B;5100/107;0;0;0;0;0
UT007CZ;10536/0008;0;0;0;0;0
UT008B;5100/103;0;0;0;0;0
UT008CZ;10536/0053;0;0;0;0;0
UT009B;5100/108;0;0;0;0;0
UT009CZ;10131/0008;0;0;0;0;0
UT010B;5108/101;0;0;0;0;0
UT010CZ;10131/0053;0;0;0;0;0
UT011B;5108/102;0;0;0;0;0
UT011CZ;10711/0008;0;0;0;0;0
UT012B;5108/103;0;0;0;0;0
UT012CZ;10711/0053;0;0;0;0;0
UT013B;5108/104;0;0;0;0;0
UT013CZ;10705/0008;0;0;0;0;0
UT014B;5108/105;0;0;0;0;0
UT014CZ;10705/0053;0;0;0;0;0
UT015B;5108/107;0;0;0;0;0
UT015CZ;10707/0008;0;0;0;0;0
UT016B;5108/108;0;0;0;0;0
UT016CZ;10707/0053;0;0;0;0;0
UT017B;5108/118;0;0;0;0;0
UT017CZ;10130/0008;0;0;0;0;0
UT018B;2189/300;0;0;0;0;0
UT018CZ;10130/0053;0;0;0;0;0
UT019B;2051/305;0;0;0;0;0
UT019CZ;10511/0008;0;0;0;0;0
UT020B;1696/101;0;0;0;0;0
UT020CZ;10511/0053;0;0;0;0;0
UT021B;2508/306;0;0;0;0;0
UT021CZ;10612/0008;0;0;0;0;0
UT022B;1162/110;0;0;0;0;0
UT022CZ;10611/0008;0;0;0;0;0
UT023B;1660/306;0;0;0;0;0
UT023CZ;10612/0053;0;0;0;0;0
UT024B;1409/100;0;0;0;0;0
UT024CZ;10611/0053;0;0;0;0;0
UT025CZ;10117/0008;0;0;0;0;0
UT026B;1606/100;0;0;0;0;0
UT026CZ;10117/0053;0;0;0;0;0
UT027CZ;10510/0008;0;0;0;0;0
UT028B;4720/101;0;0;0;0;0
UT028CZ;10510/0053;0;0;0;0;0
UT029B;6001/010;0;0;0;0;0
UT029CZ;10112/0008;0;0;0;0;0
UT030B;6002/010;0;0;0;0;0
UT030CZ;10112/0053;0;0;0;0;0
UT031B;6018/010;0;0;0;0;0
UT031CZ;10003/0008;0;0;0;0;0
UT032B;6004/010;0;0;0;0;0
UT032CZ;10003/0053;0;0;0;0;0
UT033B;1604/000;0;0;0;0;0
UT033CZ;10500/0008;0;0;0;0;0
UT034CZ;10500/0053;0;0;0;0;0
UT035B;1573/306;0;0;0;0;0
UT035CZ;10503/0008;0;0;0;0;0
UT036B;1573/307;0;0;0;0;0
UT036CZ;10580/0008;0;0;0;0;0
UT037B;2099/112;0;0;0;0;0
UT037CZ;10504/0008;0;0;0;0;0
UT038B;2099/116;0;0;0;0;0
UT038CZ;10505/0008;0;0;0;0;0
UT039B;2099/120;0;0;0;0;0
UT039CZ;10506/0008;0;0;0;0;0
UT040B;2099/240;52;27.5;62;4.85;0.09
UT040CZ;10146/0008;0;0;0;0;0
UT041B;2099/260;52;27.5;80;4.5;0.11
UT041CZ;10147/0008;0;0;0;0;0
UT042B;1681/035;0;0;0;0;0
UT042CZ;10148/0008;0;0;0;0;0
UT043B;1681/040;0;0;0;0;0
UT043CZ;10560/0008;0;0;0;0;0
UT044B;1681/045;0;0;0;0;0
UT044CZ;10554/0008;0;0;0;0;0
UT045B;1611/020;0;0;0;0;0
UT046B;1611/025;0;0;0;0;0
UT047B;1611/030;0;0;0;0;0
UT047CZ;10710/0008;0;0;0;0;0
UT048B;1612/023;0;0;0;0;0
UT048CZ;10625/0001;0;0;0;0;0
UT049B;2351/001;0;0;0;0;0
UT049CZ;10625/0008;0;0;0;0;0
UT050B;2352/001;0;0;0;0;0
UT050CZ;10626/0001;0;0;0;0;0
UT051B;1658/002;0;0;0;0;0
UT051CZ;10626/0008;0;0;0;0;0
UT052B;2354/000;0;0;0;0;0
UT052CZ;10806/0008;0;0;0;0;0
UT053B;2354/101;0;0;0;0;0
UT053CZ;10837/0053;0;0;0;0;0
UT054CZ;10837/0039;0;0;0;0;0
UT055B;1660/301;0;0;0;0;0
UT055CZ;20303/0009;0;0;0;0;0
UT056B;1660/302;0;0;0;0;0
UT056CZ;20201/0009;0;0;0;0;0
UT057B;1660/303;0;0;0;0;0
UT057CZ;20209/0009;0;0;0;0;0
UT058B;1660/304;0;0;0;0;0
UT058CZ;20114/0009;0;0;0;0;0
UT059B;1660/305;0;0;0;0;0
UT059CZ;10202/0039;0;0;0;0;0
UT060CZ;10303/0039;0;0;0;0;0
UT061B;1660/307;0;0;0;0;0
UT062B;1660/308;0;0;0;0;0
UT063B;1660/309;0;0;0;0;0
UT064B;1660/322;0;0;0;0;0
UT065B;1660/339;0;0;0;0;0
UT067B;1662/030;0;0;0;0;0
UT068B;1688/000;0;0;0;0;0
UT069B;1690/000;0;0;0;0;0
UT070B;1689/000;0;0;0;0;0
UT071B;1692/000;0;0;0;0;0
UT072B;1688/001;0;0;0;0;0
UT073B;1687/000;0;0;0;0;0
UT074B;1686/000;0;0;0;0;0
UT075B;1663/000;0;0;0;0;0
UT076B;1676/000;0;0;0;0;0
UT077B;1691/000;0;0;0;0;0
UT078B;1670/000;0;0;0;0;0
UT079B;1664/000;0;0;0;0;0
UT080B;1661/000;0;0;0;0;0
UT081B;2504/300;0;0;0;0;0
UT082B;2504/301;0;0;0;0;0
UT083B;2504/303;0;0;0;0;0
UT084B;2504/304;0;0;0;0;0
UT085B;2504/305;0;0;0;0;0
UT086B;2504/306;0;0;0;0;0
UT087B;2504/307;0;0;0;0;0
UT088B;1577/100;0;0;0;0;0
UT089B;1563/000;0;0;0;0;0
UT090B;1575/100;0;0;0;0;0
UT091B;1562/000;0;0;0;0;0
UT092B;2506/315;0;0;0;0;0
UT093B;2508/300;0;0;0;0;0
UT094B;2508/301;0;0;0;0;0
UT095B;2508/303;0;0;0;0;0
UT096B;2508/304;0;0;0;0;0
UT097B;2508/307;0;0;0;0;0
UT098B;2506/322;0;0;0;0;0
UT099B;1105/205;0;0;0;0;0
UT100B;1105/208;0;0;0;0;0
UT101B;1098/202;61;43.5;36;8.02;0.1
UT102B;1075/200;0;0;0;0;0
UT103B;1031/116;0;0;0;0;0
UT104B;1003/128;0;0;0;0;0
UT105B;1012/124;0;0;0;0;0
UT106B;3040/202;0;0;0;0;0
UT107B;3040/203;27;27;42.5;2.48;0.03
UT108B;3040/204;32;32;48.5;3.95;0.05
UT109B;3040/205;32;32;67;6;0.07
UT110B;3032/203;29;29;48.5;2.56;0.04
UT111B;3032/205;33.7;33.7;62.3;3.96;0.07
UT112B;3032/206;0;0;0;0;0
UT113B;3032/211;0;0;0;0;0
UT114B;3041/204;39.4;39.4;53;7.05;0.08
UT115B;3100/210;34;34;65.5;4.28;0.08
UT116B;4821/220;0;0;0;0;0
UT119B;4950/121;0;0;0;0;0
UT120B;4950/122;0;0;0;0;0
UT121B;1682/040;0;0;0;0;0
UT122B;1694/035;0;0;0;0;0
UT123B;1694/040;0;0;0;0;0
UT124B;2202/333;0;0;0;0;0
UT125B;2202/334;0;0;0;0;0
UT126B;2202/335;0;0;0;0;0
UT127B;2181/302;0;0;0;0;0
UT128B;1018/137;0;0;0;0;0
UT129B;2080/020;0;0;0;0;0
UT130B;2080/025;0;0;0;0;0
UT131B;2080/030;0;0;0;0;0
UT132B;2107/000;0;0;0;0;0
UT133B;2107/002;0;0;0;0;0
UT134B;2173/001;0;0;0;0;0
UT135B;2154/000;0;0;0;0;0
UT136B;2154/001;0;0;0;0;0
UT137B;2310/313;0;0;0;0;0
UT138B;4778/338;0;0;0;0;0
UT139B;2167/302;0;0;0;0;0
UT140B;3038/252;13.5;21.3;62.6;2.91;0.02
UT142B;1576/105;0;0;0;0;0
UT143B;1576/103;0;0;0;0;0
UT144B;1576/104;0;0;0;0;0
UT145B;1573/010;0;0;0;0;0
UT146B;1573/020;0;0;0;0;0
UT147B;2175/303;0;0;0;0;0
UT148B;2310/315;0;0;0;0;0
UT149B;4761/315;0;0;0;0;0
UT150B;4761/316;0;0;0;0;0
UT151B;4761/318;0;0;0;0;0
UT152B;4761/319;0;0;0;0;0
UT153B;4761/320;0;0;0;0;0
UT154B;4761/322;0;0;0;0;0
UT155B;4761/324;0;0;0;0;0
UT156B;4761/326;0;0;0;0;0
UT157B;4775/324;0;0;0;0;0
UT158B;4777/322;0;0;0;0;0
UT159B;4776/128;0;0;0;0;0
UT160B;4776/132;0;0;0;0;0
UT161B;4762/316;0;0;0;0;0
UT162B;4762/318;0;0;0;0;0
UT163B;4762/320;0;0;0;0;0
UT164B;4764/320;0;0;0;0;0
UT165B;4764/322;0;0;0;0;0
UT166B;4764/324;0;0;0;0;0
UT167B;4769/310;0;0;0;0;0
UT168B;4769/312;0;0;0;0;0
UT169B;4769/314;0;0;0;0;0
UT170B;1440/317;0;0;0;0;0
UT171B;1440/303;0;0;0;0;0
UT172B;1440/310;0;0;0;0;0
UT173B;1662/300;0;0;0;0;0
UT174B;1321/065;0;0;0;0;0
UT175B;1321/100;0;0;0;0;0
UT176B;1323/065;0;0;0;0;0
UT177B;1323/100;0;0;0;0;0
UT178B;1325/065;0;0;0;0;0
UT179B;1325/100;0;0;0;0;0
UT180B;1160/120;0;0;0;0;0
UT181B;1160/130;0;0;0;0;0
UT182B;1160/110;0;0;0;0;0
UT183B;3038/251;13.5;21.3;62.6;2.91;0.02
UT184B;5100/118;0;0;0;0;0
UT187B;2253/353;0;0;0;0;0
UT188B;2252/353;0;0;0;0;0
UT189B;2252/351;0;0;0;0;0
UT192B;1667/004;0;0;0;0;0
UT193B;1667/005;0;0;0;0;0
UT195B;1667/021;0;0;0;0;0
UT196B;4721/324;0;0;0;0;0
UT197B;4721/126;0;0;0;0;0
UT198B;4736/128;0;0;0;0;0
UT199B;4735/126;0;0;0;0;0
UT200B;4741/321;0;0;0;0;0
UT201B;4741/323;0;0;0;0;0
UT202B;4741/325;0;0;0;0;0
UT203B;4757/323;0;0;0;0;0
UT204B;4755/325;0;0;0;0;0
UT205B;2253/352;0;0;0;0;0
UT206B;2253/351;0;0;0;0;0
UT207B;1109/204;0;0;0;0;0
UT208B;4740/405;0;0;0;0;0
UT209B;0204/300;0;0;0;0;0
UT210B;7010/355;0;0;0;0;0
UT001CM;CAMARA;0;0;0;0;0
UT002CM;GFA.GR;0;0;0;0;0
UT003CM;J.MUND;0;0;0;0;0
UT004CM;JMMINI;0;0;0;0;0
UT005CM;JPAT01;0;0;0;0;0
UT006CM;TMUND1;0;0;0;0;0
UT007CM;TMUND2;0;0;0;0;0
UT008CM;TBOCAG;0;0;0;0;0
UT009CM;TBOCAM;0;0;0;0;0
UT001DO;9300;0;0;0;0;0
UT003DO;9144;0;0;0;0;0
UT001DA;CTR211;0;0;0;0;0
UT002DA;CTR222;0;0;0;0;0
UT003DA;CTR204;0;0;0;0;0
UT004DA;CTR205;0;0;0;0;0
UT005DA;CTR202;0;0;0;0;0
UT006DA;CTR203;0;0;0;0;0
UT007DA;CTR255;0;0;0;0;0
UT008DA;CTR256;0;0;0;0;0
UT009DA;CTR257;0;0;0;0;0
UT010DA;CTR258;0;0;0;0;0
UT011DA;CTR259;0;0;0;0;0
UT012DA;CSL226;0;0;0;0;0
UT013DA;CSL360;0;0;0;0;0
UT014DA;CSL186;0;0;0;0;0
UT015DA;CSL189;0;0;0;0;0
UT016DA;CSL191;0;0;0;0;0
UT017DA;CSL192;0;0;0;0;0
UT018DA;CSL194;0;0;0;0;0
UT019DA;ECO082;0;0;0;0;0
UT020DA;CTR127;0;0;0;0;0
UT021DA;CTR128;0;0;0;0;0
UT022DA;ECO555;0;0;0;0;0
UT023DA;ECO563;0;0;0;0;0
UT024DA;ECO089;0;0;0;0;0
UT025DA;ECO526;0;0;0;0;0
UT026DA;ECO172;0;0;0;0;0
UT027DA;CTR174;0;0;0;0;0
UT028DA;CTR141;0;0;0;0;0
UT029DA;ECO651;0;0;0;0;0
UT030DA;CTR016;0;0;0;0;0
UT031DA;CTR017;0;0;0;0;0
UT032DA;CTR019;0;0;0;0;0
UT033DA;CTR021;0;0;0;0;0
UT001ET;UT102-019;0;0;0;0;0
UT003ET;UC80000;0;0;0;0;0
UT004ET;UT110-2P;0;0;0;0;0
UT005ET;PG15;0;0;0;0;0
UT007ET;PGIR-32;0;0;0;0;0
UT008ET;PPI-200;0;0;0;0;0
UT009ET;CAB10;0;0;0;0;0
UT010ET;UCP02;0;0;0;0;0
UT011ET;FO70;0;0;0;0;0
UT012ET;UTP35;0;0;0;0;0
UT013ET;UMP34;0;0;0;0;0
UT015ET;FC10;0;0;0;0;0
UT019ET;P200-050;0;0;0;0;0
UT021ET;UM71-003;0;0;0;0;0
UT022ET;UT84-020;0;0;0;0;0
UT027ET;SLC10;0;0;0;0;0
UT030ET;ML05-32;0;0;0;0;0
UT033ET;CT05-82;0;0;0;0;0
UT034ET;5540-14BCSP;0;0;0;0;0
UT035ET;5515/6BRBL;0;0;0;0;0
UT036ET;5520/08BRBL;0;0;0;0;0
UT037ET;5520/10BRBL;0;0;0;0;0
UT038ET;5520/12BRBL;0;0;0;0;0
UT039ET;5531/9BL;0;0;0;0;0
UT040ET;UTP70;0;0;0;0;0
UT041ET;MO43;0;0;0;0;0
UT001CA;0512C;0;0;0;0;0
UT002CA;2304C;0;0;0;0;0
UT003CA;2506C;0;0;0;0;0
UT004CA;3611C;0;0;0;0;0
UT005CA;3612C;0;0;0;0;0
UT006CA;3645C;0;0;0;0;0
UT007CA;6316C;0;0;0;0;0
UT008CA;6332C;0;0;0;0;0
UT009CA;6336C;0;0;0;0;0
UT010CA;6339C;0;0;0;0;0
UT011CA;6346C;0;0;0;0;0
UT012CA;6359C;0;0;0;0;0
UT013CA;6360C;0;0;0;0;0
UT014CA;6369C;0;0;0;0;0
UT015CA;6610C;0;0;0;0;0
UT016CA;6676C;0;0;0;0;0
UT017CA;3647C;0;0;0;0;0
UT018CA;4358C;0;0;0;0;0
UT019CA;2322C;0;0;0;0;0
UT020CA;4368C;0;0;0;0;0
UT021CA;6333C;0;0;0;0;0
UT022CA;6335C;0;0;0;0;0
UT023CA;2325C;0;0;0;0;0
UT024CA;4347C;0;0;0;0;0
UT025CA;4391C;0;0;0;0;0
UT001AB;341;0;0;0;0;0
UT002AB;343;0;0;0;0;0
UT003AB;400;0;0;0;0;0
UT004AB;631;0;0;0;0;0
UT005AB;1028;0;0;0;0;0
UT006AB;1356;0;0;0;0;0
UT007AB;1863;0;0;0;0;0
UT002DP;445 - 30545;0;0;0;0;0
UT003DP;444 - 30444;0;0;0;0;0
UT004DP;1247 - 31247;0;0;0;0;0
MV001PL;4682;0;0;0;0;0
MV002PL;4803;0;0;0;0;0
MV003PL;5045;0;0;0;0;0
MV004PL;11515;0;0;0;0;0
MV005PL;9453;0;0;0;0;0
MV006PL;6792;0;0;0;0;0
MV007PL;11517;0;0;0;0;0
UT003PL;9513;0;0;0;0;0
UT001NU;10100 6.8LT;0;0;0;0;0
UT002NU;10101 8.3LT;0;0;0;0;0
UT003NU;10102 9.5LT;0;0;0;0;0
UT004NU;10103 12LT;0;0;0;0;0
UT005NU;10104 14.5LT;0;0;0;0;0
UT006NU;10105 17LT;0;0;0;0;0
UT007NU;10106 20LT;0;0;0;0;0
UT008NU;10107 23.5LT;0;0;0;0;0
UT009NU;10108 31.5LT;0;0;0;0;0
UT010NU;10109 41LT;0;0;0;0;0
UT011NU;10110 52LT;0;0;0;0;0
UT012NU;10111 73LT;0;0;0;0;0
UT013NU;10115 12.7LT;0;0;0;0;0
UT014NU;10116 15.3LT;0;0;0;0;0
UT015NU;10117 19LT;0;0;0;0;0
UT016NU;10118 22.5LT;0;0;0;0;0
UT017NU;10119 27LT;0;0;0;0;0
UT018NU;10120 32.5LT;0;0;0;0;0
UT019NU;10121 38LT;0;0;0;0;0
UT020NU;10122 45LT;0;0;0;0;0
UT021NU;10123 68LT;0;0;0;0;0
UT022NU;10124 95LT;0;0;0;0;0
UT023NU;10125 113LT;0;0;0;0;0
UT024NU;10126 125LT;0;0;0;0;0
UT025NU;10112 3LT;0;0;0;0;0
UT026NU;10113 5LT;0;0;0;0;0
UT027NU;10114 7LT;0;0;0;0;0
UT028NU;10275;0;0;0;0;0
UT029NU;10137 9.25LT;0;0;0;0;0
UT030NU;10138 14.5LT;0;0;0;0;0
UT031NU;10139 20LT;0;0;0;0;0
UT032NU;10127 2LT;0;0;0;0;0
UT033NU;10128 3LT;0;0;0;0;0
UT034NU;10129 4LT;0;0;0;0;0
UT035NU;10130 5.5LT;0;0;0;0;0
UT036NU;10131 7LT;0;0;0;0;0
UT037NU;10149;0;0;0;0;0
UT038NU;10150;0;0;0;0;0
UT039NU;10151;0;0;0;0;0
UT040NU;10160;0;0;0;0;0
UT041NU;10161;0;0;0;0;0
UT042NU;10162;0;0;0;0;0
UT043NU;10163;0;0;0;0;0
UT044NU;10164;0;0;0;0;0
UT045NU;10165;0;0;0;0;0
UT046NU;10190;0;0;0;0;0
UT047NU;10191;0;0;0;0;0
UT048NU;10192;0;0;0;0;0
UT049NU;10193;0;0;0;0;0
UT050NU;10194;0;0;0;0;0
UT051NU;10195;0;0;0;0;0
UT052NU;10196;0;0;0;0;0
UT053NU;10197;0;0;0;0;0
UT054NU;10198;0;0;0;0;0
UT055NU;10204;0;0;0;0;0
UT056NU;10203;0;0;0;0;0
UT057NU;10202;0;0;0;0;0
UT058NU;10201;0;0;0;0;0
UT059NU;10226;0;0;0;0;0
UT060NU;10252;0;0;0;0;0
UT061NU;10253;0;0;0;0;0
UT062NU;10254;0;0;0;0;0
UT063NU;10255;0;0;0;0;0
UT064NU;10256;0;0;0;0;0
UT065NU;10257;0;0;0;0;0
UT066NU;10258;0;0;0;0;0
UT067NU;10259;0;0;0;0;0
UT068NU;10260;0;0;0;0;0
UT069NU;10261;0;0;0;0;0
UT070NU;10262;0;0;0;0;0
UT071NU;10263;0;0;0;0;0
UT072NU;10264;0;0;0;0;0
UT073NU;10265;0;0;0;0;0
UT074NU;10266;0;0;0;0;0
UT075NU;10267;0;0;0;0;0
UT076NU;10268;0;0;0;0;0
UT077NU;10269;0;0;0;0;0
UT078NU;10239;0;0;0;0;0
UT079NU;10241;0;0;0;0;0
UT080NU;10242;0;0;0;0;0
UT081NU;11051;0;0;0;0;0
UT082NU;11052;0;0;0;0;0
UT083NU;11053;0;0;0;0;0
UT084NU;11054;0;0;0;0;0
UT085NU;11055;0;0;0;0;0
UT086NU;11923;0;0;0;0;0
UT087NU;11958;0;0;0;0;0
UT088NU;11951;0;0;0;0;0
UT089NU;10211;0;0;0;0;0
UT090NU;11920;0;0;0;0;0
UT091NU;11921;0;0;0;0;0
UT092NU;11993;0;0;0;0;0
UT093NU;11994;0;0;0;0;0
UT094NU;11995;0;0;0;0;0
UT095NU;11959;0;0;0;0;0
UT096NU;11990;0;0;0;0;0
UT097NU;11625;0;0;0;0;0
UT098NU;11626;0;0;0;0;0
UT099NU;11919;0;0;0;0;0
UT100NU;10280 18 2.3L;0;0;0;0;0
UT101NU;10281 20 3L;0;0;0;0;0
UT102NU;10282 22 3.5L;0;0;0;0;0
UT103NU;10283 24 4.5L;0;0;0;0;0
UT104NU;10284 18 4L;0;0;0;0;0
UT105NU;10285 20 6L;0;0;0;0;0
UT106NU;10286 22 8L;0;0;0;0;0
UT107NU;10287 24 10L;0;0;0;0;0
UT108NU;10146 55LT;0;0;0;0;0
UT109NU;10140 25LT;0;0;0;0;0
UT110NU;10142 35LT;0;0;0;0;0
UT111NU;10144 45LT;0;0;0;0;0
UT112NU;10148 65LT;0;0;0;0;0
UT113NU;10143 40LT;0;0;0;0;0
EQ001MC;11000;0;0;0;0;0
EQ003MC;11400;0;0;0;0;0
EQ005MC;11001;0;0;0;0;0
EQ006MC;10730;0;0;0;0;0
EQ009MC;11010;0;0;0;0;0
MV001M;199;0;0;0;0;0
MV002M;200;0;0;0;0;0
MV003M;220;0;0;0;0;0
MV004M;221;0;0;0;0;0
MV007M;349;0;0;0;0;0
MV008M;236;0;0;0;0;0
IC001W;WIMR;0;0;0;0;0
IC002W;WIMT;0;0;0;0;0
UT001GU;185 CALDEIRAO 30;0;0;0;0;0
UT002GU;394 FRIGIDEIRA 24;0;0;0;0;0
UT003GU;396 FRIGIDEIRA 30;0;0;0;0;0
UT004GU;397 FRIGIDEIRA 30;0;0;0;0;0
UT005GU;422 CANECAO 12-16;0;0;0;0;0
UT006GU;424 CANECAO 12-16;0;0;0;0;0
UT007GU;520 KIT MULTIUSO;0;0;0;0;0
UT008GU;545 JOGO MANTIMENT;0;0;0;0;0
UT009GU;546 JOGO CACAROLA;0;0;0;0;0
UT001G;49885530;0;0;0;0;0
UT002G;55265224;0;0;0;0;0
UT003G;55264220;0;0;0;0;0
UT004G;55267423;0;0;0;0;0
UT005G;55465225;0;0;0;0;0
UT006G;55464219;0;0;0;0;0
UT007G;55467421;0;0;0;0;0
UT008G;37269030;0;0;0;0;0
UT009G;47277824;0;0;0;0;0
UT011G;41891712;0;0;0;0;0
UT012G;4892088;0;0;0;0;0
UT013G;42764220;0;0;0;0;0
UT014G;42769027;0;0;0;0;0
UT015G;52792088;0;0;0;0;0
UT016G;52791712;0;0;0;0;0
UT017G;32668930;0;0;0;0;0
UT018G;52692088;0;0;0;0;0
UT019G;43665226;0;0;0;0;0
UT020G;43691711;0;0;0;0;0
UT021G;43692088;0;0;0;0;0
UT022G;43663217;0;0;0;0;0
UT023G;43677008;0;0;0;0;0
UT024G;35211050;0;0;0;0;0
UT025G;35204070;0;0;0;0;0
UT026G;35201030;0;0;0;0;0
UT027G;44467418;0;0;0;0;0
UT028G;44491712;0;0;0;0;0
UT030G;49710001;0;0;0;0;0
UT031G;49710002;0;0;0;0;0
UT032G;49710003;0;0;0;0;0
UT033G;49710004;0;0;0;0;0
UT034G;49710005;0;0;0;0;0
UT035G;49710006;0;0;0;0;0
UT036G;49710009;0;0;0;0;0
UT037G;49710018;0;0;0;0;0
UT038G;49710019;0;0;0;0;0
UT039G;49710020;0;0;0;0;0
UT040G;49710021;0;0;0;0;0
UT041G;49710022;0;0;0;0;0
UT042G;49710024;0;0;0;0;0
UT043G;49744006;0;0;0;0;0
UT044G;40127790;0;0;0;0;0
UT045G;45217013;0;0;0;0;0
UT046G;38422423;0;0;0;0;0
UT047G;38422920;0;0;0;0;0
UT048G;35872532;0;0;0;0;0
UT049G;35805522;0;0;0;0;0
UT050G;45661208;0;0;0;0;0
UT051G;56692088;0;0;0;0;0
UT052G;51491711;0;0;0;0;0
UT053G;47264221;0;0;0;0;0
UT054G;47265225;0;0;0;0;0
UT055G;47267428;0;0;0;0;0
UT056G;47267422;0;0;0;0;0
UT057G;43464220;0;0;0;0;0
UT058G;43465226;0;0;0;0;0
UT059G;43467428;0;0;0;0;0
UT060G;43467423;0;0;0;0;0
UT061G;33468932;0;0;0;0;0
UT062G;55463215;0;0;0;0;0
UT063G;35468930;0;0;0;0;0
UT064G;35485525;0;0;0;0;0
UT065G;35485529;0;0;0;0;0
UT066G;35485532;0;0;0;0;0
UT067G;45493088;0;0;0;0;0
UT068G;45493820;0;0;0;0;0
UT069G;35285523;0;0;0;0;0
UT070G;35285528;0;0;0;0;0
UT071G;35285623;0;0;0;0;0
UT072G;45293088;0;0;0;0;0
UT073G;45293710;0;0;0;0;0
UT074G;45293820;0;0;0;0;0
UT075G;45293726;0;0;0;0;0
UT076G;44464220;0;0;0;0;0
UT077G;44465226;0;0;0;0;0
UT078G;40105621;0;0;0;0;0
UT079G;40105630;0;0;0;0;0
UT080G;40105759;0;0;0;0;0
UT081G;55884735;0;0;0;0;0
UT082G;40184715;0;0;0;0;0
UT083G;19730001;0;0;0;0;0
UT084G;19730002;0;0;0;0;0
UT085G;19730003;0;0;0;0;0
UT086G;19730004;0;0;0;0;0
UT087G;19730005;0;0;0;0;0
UT088G;19730006;0;0;0;0;0
UT089G;17270050;0;0;0;0;0
UT090G;27221862;0;0;0;0;0
UT091G;38422422;0;0;0;0;0
UT092G;38422427;0;0;0;0;0
UT093G;38422432;0;0;0;0;0
UT094G;38422436;0;0;0;0;0
UT095G;38422442;0;0;0;0;0
UT096G;38422819;0;0;0;0;0
UT097G;38422050;0;0;0;0;0
UT098G;38422100;0;0;0;0;0
UT099G;38422125;0;0;0;0;0
UT100G;38422250;0;0;0;0;0
UT101G;42767428;0;0;0;0;0
UT102G;35805317;0;0;0;0;0
UT103G;35805325;0;0;0;0;0
UT104G;35805334;0;0;0;0;0
UT105G;35805340;0;0;0;0;0
UT106G;35885532;0;0;0;0;0
UT107G;35885536;0;0;0;0;0
UT108G;35877814;0;0;0;0;0
UT109G;35877818;0;0;0;0;0
UT110G;35877822;0;0;0;0;0
UT111G;55884625;0;0;0;0;0
UT112G;55884635;0;0;0;0;0
UT113G;55861610;0;0;0;0;0
UT114G;30140036;0;0;0;0;0
UT115G;55847064;0;0;0;0;0
UT116G;52254541;0;0;0;0;0
UT117G;52255521;0;0;0;0;0
UT118G;52256521;0;0;0;0;0
UT119G;44867421;0;0;0;0;0
UT120G;40193088;0;0;0;0;0
UT121G;40193821;0;0;0;0;0
UT122G;43193088;0;0;0;0;0
UT123G;43293710;0;0;0;0;0
UT124G;43293820;0;0;0;0;0
UT125G;40193719;0;0;0;0;0
UT126G;40193078;0;0;0;0;0
UT127G;38422327;0;0;0;0;0
UT128G;38422339;0;0;0;0;0
UT129G;40193077;0;0;0;0;0
UT130G;366;0;0;0;0;0
UT132G;45469028;0;0;0;0;0
UT133G;17270040;0;0;0;0;0
UT134G;35805520;0;0;0;0;0
UT136G;42664318;0;0;0;0;0
UT137G;42665324;0;0;0;0;0
UT132RG;EXP VIDRO BALEIRO;0;0;0;0;0
UT001AJ;CACAROLA FUNDID 50;0;0;0;0;0
UT002AJ;CACAROLA FUNDID 55;0;0;0;0;0
UT003AJ;CACAROLA FUNDID 26;0;0;0;0;0
UT004AJ;CACAROLA FUNDID 28;0;0;0;0;0
UT005AJ;CACAROLA FUNDID 30;0;0;0;0;0
UT006AJ;CACAROLA FUNDID 32;0;0;0;0;0
UT007AJ;CACAROLA FUNDID 35;0;0;0;0;0
UT008AJ;CACAROLA FUNDID 38;0;0;0;0;0
UT009AJ;CACAROLA FUNDID 40;0;0;0;0;0
UT010AJ;CACAROLA FUNDID 45;0;0;0;0;0
UT011AJ;CACAROLA FUNDID 14;0;0;0;0;0
UT012AJ;CACAROLA FUNDID 16;0;0;0;0;0
UT013AJ;CACAROLA FUNDID 18;0;0;0;0;0
UT014AJ;CACAROLA FUNDID 20;0;0;0;0;0
UT015AJ;CACAROLA FUNDID 22;0;0;0;0;0
UT016AJ;CACAROLA FUNDID 24;0;0;0;0;0
UT017AJ;FRIGIDEIRA 35;0;0;0;0;0
UT018AJ;FRIGIDEIRA 40;0;0;0;0;0
UT019AJ;01/05/2014;0;0;0;0;0
UT020AJ;01/05/2016;0;0;0;0;0
UT021AJ;01/05/2018;0;0;0;0;0
UT022AJ;01/05/2020;0;0;0;0;0
UT023AJ;01/05/2022;0;0;0;0;0
MV001J;1681;0;0;0;0;0
MV002J;1680-1;0;0;0;0;0
MV003J;1649;0;0;0;0;0
MV004J;1680-1;0;0;0;0;0
MV005J;1624;0;0;0;0;0
EQ001V;FM50220V;0;0;0;0;0
UT001PS;523;0;0;0;0;0
UT002PS;521;0;0;0;0;0
UT003PS;522;0;0;0;0;0
UT004PS;123;0;0;0;0;0
UT005PS;121;0;0;0;0;0
UT006PS;122;0;0;0;0;0
UT007PS;653;0;0;0;0;0
UT008PS;164MT;0;0;0;0;0
UT009PS;177MT;0;0;0;0;0
UT010PS;643;0;0;0;0;0
UT011PS;641;0;0;0;0;0
UT012PS;355;0;0;0;0;0
UT013PS;1247;0;0;0;0;0
UT014PS;1257;0;0;0;0;0
UT015PS;1258;0;0;0;0;0
UT016PS;1245;0;0;0;0;0
UT017PS;197;0;0;0;0;0
UT018PS;353;0;0;0;0;0
UT019PS;352;0;0;0;0;0
UT020PS;442;0;0;0;0;0
UT021PS;443;0;0;0;0;0
UT022PS;444;0;0;0;0;0
UT023PS;678;0;0;0;0;0
UT024PS;381;0;0;0;0;0
UT025PS;382;0;0;0;0;0
UT026PS;509;0;0;0;0;0
UT027PS;238;0;0;0;0;0
UT028PS;1259;0;0;0;0;0
UT029PS;389;0;0;0;0;0
EQ001TT;T-350 BR/VM;0;0;0;0;0
EQ002TT;L-400 VM/AM;0;0;0;0;0
EQ003TT;T-350 BR/AZ;0;0;0;0;0
EQ004TT;T-600 BR/AZ;0;0;0;0;0
UT001BD;COPO AMERIC BRINDE;0;0;0;0;0
UT001D;2010 COPO 190ML;0;0;0;0;0
UT002D;5545 PRATO BLANC 2;0;0;0;0;0
UT003D;2310 COPO 45ML;0;0;0;0;0
UT004D;7701 COPO 350ML;0;0;0;0;0
UT006D;7101 COPO 220ML;0;0;0;0;0
UT007D;7001 COPO 300ML;0;0;0;0;0
UT008D;7005 COPO SUCO 200;0;0;0;0;0
UT009D;7700 COPO L/D300ML;0;0;0;0;0
UT010D;7505 COPO 320ML;0;0;0;0;0
UT011D;2111 COPO BRISTOL;0;0;0;0;0
UT012D;7002 TACA 250ML;0;0;0;0;0
UT013D;7702 TACA CERVEJA;0;0;0;0;0
UT014D;7204 TACA SORVETE;0;0;0;0;0
UT015D;7828 TACA CHAMPANH;0;0;0;0;0
UT016D;7109 COPO MUNICH;0;0;0;0;0
UT017D;7732 TACA FLORIPA;0;0;0;0;0
UT018D;2020 COPO BOTECO;0;0;0;0;0
UT019D;7120 COPO 220ML;0;0;0;0;0
UT020D;000300 PRATO RASO;0;0;0;0;0
UT021D;030337 TIGELA 500M;0;0;0;0;0
UT022D;072503 FACILITA 1L;0;0;0;0;0
UT023D;022703 FACILITA 2L;0;0;0;0;0
UT024D;5343 PRATO 19CM;0;0;0;0;0
UT025D;5743 PRATO 24CM;0;0;0;0;0
UT026D;5843 PRATO 23CM;0;0;0;0;0
UT027D;5543 PRATO 27CM;0;0;0;0;0
UT028D;7108 JARRA 460ML;0;0;0;0;0
UT030D;653641 ASSADEIRA 2;0;0;0;0;0
UT031D;0011 TACA 340ML;0;0;0;0;0
UT032D;0911 TACA 470ML;0;0;0;0;0
UT033D;2511 COPO;0;0;0;0;0
UT034D;2711 COPO 410ML;0;0;0;0;0
UT035D;2911 COPO 520ML;0;0;0;0;0
UT036D;2601 COPO 264ML;0;0;0;0;0
UT037D;7034 TACA 365ML;0;0;0;0;0
UT038D;7134  TACA 250ML;0;0;0;0;0
UT039D;7834 TACA 195ML;0;0;0;0;0
UT040D;7402 TACA 200ML;0;0;0;0;0
UT042D;2300 TACA 130ML;0;0;0;0;0
UT043D;5415 JARRA 750ML;0;0;0;0;0
UT044D;5413 JARRA 1460ML;0;0;0;0;0
UT045D;7299 TACA 230ML;0;0;0;0;0
UT046D;7499 TACA 290ML;0;0;0;0;0
UT047D;7199 VINHO 450ML;0;0;0;0;0
UT048D;7899 TACA 200ML;0;0;0;0;0
UT049D;7999 TACA 660ML;0;0;0;0;0
UT050D;4401 TIGELA 170ML;0;0;0;0;0
UT051D;2611 COPO;0;0;0;0;0
UT052D;7715 TACA TULIPA;0;0;0;0;0
UT055D;6513 2.4LT;0;0;0;0;0
UT056D;6814 4LT;0;0;0;0;0
UT061D;400072676;0;0;0;0;0
UT062D;400030633;0;0;0;0;0
UT063D;400030833;0;0;0;0;0
UT065D;5902 CANECA 600ML;0;0;0;0;0
UT066D;7924 TACA CLUBE;0;0;0;0;0
UT067D;0712 TACA TROPICAL;0;0;0;0;0
UT068D;0412 TACA TROPICAL;0;0;0;0;0
UT070D;2606;0;0;0;0;0
UT074D;7808 TACA GALLANT;0;0;0;0;0
UT076D;7923 COPO ILHABELA;0;0;0;0;0
UT077D;2304 COPO DOSE OLE;0;0;0;0;0
UT078D;7428 TACA WINDSOR;0;0;0;0;0
UT079D;7122 COPO ATOL TUB;0;0;0;0;0
UT080D;7522 COPO ATOL;0;0;0;0;0
UT081D;7133 TACA IMPERATR;0;0;0;0;0
UT082D;7433 TACA IMPERATR;0;0;0;0;0
UT083D;7833 TACA IMPERATR;0;0;0;0;0
UT084D;7228 TACA WINDSOR;0;0;0;0;0
UT085D;7528 TACA WINDSOR;0;0;0;0;0
UT086D;7928 TACA WINDSOR;0;0;0;0;0
UT087D;7628 TACA WINDSOR;0;0;0;0;0
UT088D;3033 COPO DOSE CAN;0;0;0;0;0
UT089D;7651 COPO DUBLIN C;0;0;0;0;0
UT090D;7941 COPO JOINVILL;0;0;0;0;0
UT091D;0301 CALICE DAMA L;0;0;0;0;0
UT093D;729 FACILITA 300ML;0;0;0;0;0
UT098D;5846;0;0;0;0;0
UT099D;5346;0;0;0;0;0
UT100D;4245;0;0;0;0;0
UT101D;5546;0;0;0;0;0
UT102D;5911 340ML;0;0;0;0;0
UT103D;7728 330ML;0;0;0;0;0
UT104D;7933 590ML;0;0;0;0;0
UT105D;7056 490ML;0;0;0;0;0
UT106D;7856 190ML;0;0;0;0;0
UT107D;7709 300ML;0;0;0;0;0
UT108D;7033 425ML;0;0;0;0;0
UT109D;7028 300ML;0;0;0;0;0
UT110D;7156 385ML;0;0;0;0;0
UT111D;7128 250ML;0;0;0;0;0
UT112D;1800 270ML;0;0;0;0;0
UT113D;7622 320ML;0;0;0;0;0
UT114D;2603 350ML;0;0;0;0;0
UT115D;7623 COPO ILHABELA;0;0;0;0;0
UT116D;7115 TACA TULIPA;0;0;0;0;0
UT117D;7956 700ML;0;0;0;0;0
UT118D;7323 180ML;0;0;0;0;0
UT119D;7665 700ML;0;0;0;0;0
UT120D;7965 1.1L;0;0;0;0;0
UT121D;7732 TACA BRASAO;0;0;0;0;0
UT122D;7797 TACA MAGNUS C;0;0;0;0;0
UT123D;7198 TACA EXCELLEN;0;0;0;0;0
UT124D;7396 COPO VAS VODK;0;0;0;0;0
UT125D;7501 360ML;0;0;0;0;0
UT126D;7619 500ML;0;0;0;0;0
UT127D;7348 90ML;0;0;0;0;0
UT128D;7051 473ML;0;0;0;0;0
UT129D;5547;0;0;0;0;0
UT130D;7708 320ML;0;0;0;0;0
UT131D;7008 250ML;0;0;0;0;0
UT001S;835GL-01;0;0;0;0;0
UT002S;JQ833;0;0;0;0;0
UT003S;831LGL-01;0;0;0;0;0
UT004S;433-02;0;0;0;0;0
UT005S;433-01;0;0;0;0;0
UT001U;UD6 ASSAD RET 32;0;0;0;0;0
UT002U;UD12 FORMA RED 24;0;0;0;0;0
UT003U;UD17 FORMA RED 26;0;0;0;0;0
UT004U;JS08049 CHAIRA 12;0;0;0;0;0
UT005U;UD62 FORMA SILI 23;0;0;0;0;0
UT006U;UD68 FORMA SILI 28;0;0;0;0;0
UT007U;JA0793 ACENDEDOR;0;0;0;0;0
UT008U;JS7742 KIT FACA 7;0;0;0;0;0
UT009U;UD43 AMOLADOR FACA;0;0;0;0;0
UT010U;JA0291 MAQUINA MAS;0;0;0;0;0
UT011U;UD51 MOINHO CEREAL;0;0;0;0;0
UT012U;FR90 PEDRA AFIAR;0;0;0;0;0
UT013U;UD106 CHALEIRA 32;0;0;0;0;0
UT014U;UD116 MOEDOR PIMEN;0;0;0;0;0
UT015U;UD71 CORTADOR OVO;0;0;0;0;0
UT001CF;ASSAD RET 1.2L VM;0;0;0;0;0
UT002CF;ASSAD RET 2L VD;0;0;0;0;0
UT003CF;ASSAD OVAL 1L VM;0;0;0;0;0
UT004CF;ASSAD OVAL 1.6L VD;0;0;0;0;0
UT005CF;TIG QUAD 200ML AM;0;0;0;0;0
UT006CF;TIG QUAD 200ML VM;0;0;0;0;0
UT007CF;TIG QUAD 350ML AM;0;0;0;0;0
UT008CF;TIG QUAD 350ML VM;0;0;0;0;0
UT009CF;TIG QUAD 500ML AM;0;0;0;0;0
UT010CF;TIG QUAD 500ML VM;0;0;0;0;0
UT011CF;CANECA 320ML ALECR;0;0;0;0;0
UT012CF;CANECA 320ML PISTA;0;0;0;0;0
UT013CF;CANECA SOPA 350ML;0;0;0;0;0
UT014CF;BOWL 13CM PR/VM;0;0;0;0;0
UT015CF;TIG SHOYU PR/VM;0;0;0;0;0
UT016CF;ASSAD RED 20 PRETO;0;0;0;0;0
UT017CF;MINI CACAROLA 350;0;0;0;0;0
UT018CF;MINI CACAROLA 550;0;0;0;0;0
UT019CF;CACAROLA DUO 24CM;0;0;0;0;0
IC001C;710;0;0;0;0;0
IC002C;584;0;0;0;0;0
IC003C;751;0;0;0;0;0
IC004C;582;0;0;0;0;0
IC005C;461907;0;0;0;0;0
IC006C;461908;0;0;0;0;0
IC007C;461901;0;0;0;0;0
IC008C;461902;0;0;0;0;0
IC009C;464182;0;0;0;0;0
IC010C;461905;0;0;0;0;0
IC011C;461906;0;0;0;0;0
IC012C;752;0;0;0;0;0
IC013C;462098;0;0;0;0;0
EQ001CG;C-11;0;0;0;0;0
EQ002CG;T-02 100L;0;0;0;0;0
EQ003CG;T-06;0;0;0;0;0
EQ004CG;GL-14;0;0;0;0;0
EQ005CG;G-02 50X40;0;0;0;0;0
EQ006CG;G-03 40X50;0;0;0;0;0
EQ007CG;G-45 50X60;0;0;0;0;0
EQ008CG;G-19 60X50;0;0;0;0;0
EQ009CG;E-03 65CM;0;0;0;0;0
EQ010CG;C-26;0;0;0;0;0
EQ011CG;E-26 65CM;0;0;0;0;0
IC001GE;BS2300X-RF-Z;0;0;0;0;0
LB001I;CCV144PV110V;0;0;0;0;0
LB002I;CCV144PV220V;0;0;0;0;0
LB003I;CCV144PC110V;0;0;0;0;0
LB004I;CCV144PC220V;0;0;0;0;0
LB005I;CCV315PC110V;0;0;0;0;0
LB006I;CCV315PC220V;0;0;0;0;0
BB001P;7050;0;0;0;0;0
EQ001P;32/06 220V;0;0;0;0;0
UT001MG;RECHAUD 2GNS1/2;0;0;0;0;0
EQ001CX;WSB40E 220V;0;0;0;0;0
EQ594A;AD-43 BIV;40;46.5;46.5;14;0.09
EQ597A;AD-50 BIV;43;52.5;52.5;15;0.12
UT001F;704;0;0;0;0;0
UT002F;724;0;0;0;0;0
UT003F;725;0;0;0;0;0
UT004F;646;0;0;0;0;0
UT005F;703;0;0;0;0;0
UT006F;706;0;0;0;0;0
UT007F;235;0;0;0;0;0
UT008F;118;0;0;0;0;0
UT009F;110;0;0;0;0;0
UT010F;112;0;0;0;0;0
UT011F;632;0;0;0;0;0
UT012F;908;0;0;0;0;0
UT001BM;284 5L;0;0;0;0;0
UT002BM;956 7L;0;0;0;0;0
UT003BM;932 10L;0;0;0;0;0
UT004BM;970 17L;0;0;0;0;0
UT005BM;980 23L;0;0;0;0;0
UT006BM;173 4L;0;0;0;0;0
UT007BM;273 5L;0;0;0;0;0
UT008BM;373 7L;0;0;0;0;0
UT009BM;473 10L;0;0;0;0;0
UT010BM;600 7L;0;0;0;0;0
EQ402FD;FF131;0;0;0;0;0
EQ001R;FRI1CUBA 110V;0;0;0;0;0
EQ002R;FRI2CUBA 220V;0;0;0;0;0
BB001T;RF-32 220V;70;54;50;24.1;0.19
BB002T;RF-32 110V;70;54;50;24.1;0.19
EP001PR;HPE80 220V MONO;91;102;98;122;0.91
EP002PR;HPE80 220V TRIF;91;102;98;122;0.91
EQ001PR;MINICONVSV 220V;0.53;0.64;0.69;40;0.23
UT001CV;0047 150ML;0;0;0;0;0
UT002CV;0049 210ML;0;0;0;0;0
UT003CV;0051 600ML;0;0;0;0;0
UT004CV;0052 1.4L;0;0;0;0;0
UT005CV;0058 750ML;0;0;0;0;0
UT006CV;0059 2.6L;0;0;0;0;0
UT007CV;0060 400ML;0;0;0;0;0
UT008CV;0061 250ML;0;0;0;0;0
UT009CV;0071 750ML;0;0;0;0;0
UT010CV;0421 1.7L;0;0;0;0;0
UT011CV;0856 800ML;0;0;0;0;0
EQ001B;1040;20;24;41;3.6;0.02
EQ002B;899;35;20;39;4.5;0.03
EQ003B;4764;30;22;49;8.1;0.03
EQ004B;1231;33;23;27;5.2;0.02
EQ005B;934;32;21;40;3.9;0.03
EQ001A;CARRINHO 160L;0;0;0;0;0
EQ002A;CARRINHO 130L;0;0;0;0;0
EQ003A;CESTA13L;0;0;0;0;0
EQ004A;CARRINHO90L;0;0;0;0;0
GD001A;GDPTA142;0;0;0;0;0
GD002A;GDCTCN142;0;0;0;0;0
GD003A;GDCTIN142;0;0;0;0;0
GD004A;PTETIQ078;0;0;0;0;0
GD005A;PTETIQ092;0;0;0;0;0
GD006A;ANTEPARO;0;0;0;0;0
GD007A;RACKIN196;0;0;0;0;0
GD008A;RACKCN196;0;0;0;0;0
IC001A;CHECKOUT185;0;0;0;0;0
IC002A;KITAUTMAMAPA;0;0;0;0;0
EQ155T;;0;0;0;0;0
EQ720;;0;0;0;0;0
EQ852;7516;0;0;0;0;0
LB198;;0;0;0;0;0
